MODELNUMBER;ANNEE;article number;active/inactive;picture;Struktur DE;Kategorie DE;Modellname (DE);Text (DE);structure EN;Category EN;model name (EN);text (EN);structure EN-US;Category EN-US;model name (EN-US);text (EN-US);structure ES;Category ES;model name (ES);text (ES);structure FR;Category FR;model name (FR);text (FR);structure IT;Category IT;model name (IT);text (IT);attribut
$M-MC502027;2027;F0001427;Active;pho_bike_90_re_gasgas_motocross_mc50_my27_90_right_wty_final__sall__acmsg__v1.png; > Motorcycle > MC 50 2027 > MC 50 2027;MC 50 2027;MC 50 2027;Die von kleinen Dirt-Shreddern in aller Welt geliebte coole MC 50 hat es in sich Optisch steht sie den gro eren Bikes unserer Motocross-Palette in nichts nach. Als unser kleinster 2-Takter ist sie ergonomisch verstellbar und lasst sich leicht an das Wachstum der Kinder anpassen. Die MC 50 macht den Kids auf jeder Runde so viel Spa und garantiert ein breites Grinsen nach dem Fahren. Mit ihrer erstklassigen Verarbeitungsqualitat und Leistung ist die MC 50 ein Mini-Motocross-Bike fur die nachste Generation von Kurvenraubern, die sich auf die gro en Rennstrecken vorbereiten.; > Motorcycle > MC 50 2027 > MC 50 2027;MC 50 2027;MC 50 2027;Loved by little dirt shredders the world over, our awesome MC 50 certainly packs a punch Looking just like the bigger bikes in our motocross line-up, the smallest 2-stroke we make features adjustable ergonomics that can easily be altered as children grow. Guaranteeing post-ride ear-to-ear grins, the MC 50 makes laps at the track so much fun for kids who just love to ride. Boasting best-in-class build quality with performance to match, the MC 50 is a mini motocrosser designed for the next generation of berm bashers to take on full-size circuits in style; > Motorcycle > MC 50 2027 > MC 50 2027;MC 50 2027;MC 50 2027;Loved by little dirt shredders the world over, our awesome MC 50 certainly packs a punch Looking just like the bigger bikes in our motocross line-up, the smallest 2-stroke we make features adjustable ergonomics that can easily be altered as children grow. Guaranteeing post-ride ear-to-ear grins, the MC 50 makes laps at the track so much fun for kids who just love to ride. Boasting best-in-class build quality with performance to match, the MC 50 is a mini motocrosser designed for the next generation of berm bashers to take on full-size circuits in style; > Motorcycle > MC 50 2027 > MC 50 2027;MC 50 2027;MC 50 2027;Adorada por los pequenos offroaders de todo el mundo, nuestra impresionante MC 50 tiene toda la fuerza imaginable Con el mismo aspecto que las motos mas grandes de nuestra gama de motocross, la 2 tiempos mas pequena que fabricamos cuenta con una ergonomia ajustable facilmente modificable a medida que los ninos crecen. La MC 50, que garantiza sonrisas de oreja a oreja despues de conducir, hace que dar vueltas al circuito sea algo muy divertido para los ninos a los que les encanta pilotar. Con la mejor calidad de fabricacion de su clase y un rendimiento a la altura, la MC 50 es una mini moto de cross disenada para que la proxima generacion de amantes de los circuitos se enfrente a ellos con estilo.; > Motorcycle > MC 50 2027 > MC 50 2027;MC 50 2027;MC 50 2027;"Adulee par les jeunes pilotes du monde entier, notre MC 50 a du punch Portrait crache de ses grandes s urs de la gamme motocross, notre plus petit modele 2 temps est dote d une ergonomie reglable qui peut facilement etre ajustee au fur et a mesure que l enfant grandit. Sourires jusqu aux oreilles garantis apres les tours de piste - la MC 50 fera le bonheur des jeunes pilotes passionnes. Alliant qualite de fabrication et performances exceptionnelles, la MC 50 est une mini-motocross concue pour encourager la prochaine generation de graines de champion a affronter avec style des circuits de taille normale<table style=""width:100%;border-collapse:collapse;margin-top:16px;border:1px solid #ffe0cc;border-radius:6px;overflow:hidden;"">
$M-MC652027;2027;F0001627;Active;pho_bike_90_re_gasgas_motocross_mc65_my27_90_right_wty_final__sall__acmsg__v1.png; > Motorcycle > MC 65 2027 > MC 65 2027;MC 65 2027;MC 65 2027;Mit unserer fantastischen MC 65 beginnt die Liebe fur das wahre Motocross-Fahren. Dank ihrem leichtgangigen Schaltgetriebe konnte sie das erste Dirtbike sein, auf dem die Kleinsten lernen, in jeder Situation in den richtigen Gang zu schalten - damit sie auf allen Rennstrecken immer die Schnellsten sind Au erdem ist die MC 65 mit einer Reihe von Bauteilen bestuckt, die sich auch in unseren gro en Motocross-Bikes wiederfinden, naturlich kleiner dimensioniert, damit sie passen. Das beweist, wie wichtig es uns ist, ein wettbewerbsfahiges 65-cm -Motorrad zu schaffen. Wir reden hier von der Hydraulikkupplung, dem roten Bodywork, den MAXXIS-Reifen, dem TWIN AIR-Luftfilter und der WP-Federung. Yeah, wir sind vollkommen begeistert von unserer MC 65 und wissen, dass auch du es sein wirst; > Motorcycle > MC 65 2027 > MC 65 2027;MC 65 2027;MC 65 2027;Our awesome little MC 65 is where riding pure motocross really begins. With its smooth-shifting manual transmission, this might be the first dirt bike on which kids learn how to change gears and, most importantly, when to do so to find the fast way around any circuit. Beyond this, the MC 65 is assembled with plenty of parts that you ll find on our bigger motocross bikes, but obviously scaled down to fit, underlining just how serious we are about making a competitive 65cc machine. We re talking the hydraulic clutch, all-red bodywork, MAXXIS tires, TWIN AIR air filter, and WP suspension. Yeah, we re stoked on our MC 65 and we know you will be too.; > Motorcycle > MC 65 2027 > MC 65 2027;MC 65 2027;MC 65 2027;Our awesome little MC 65 is where riding pure motocross really begins. With its smooth-shifting manual transmission, this might be the first dirt bike on which kids learn how to change gears and, most importantly, when to do so to find the fast way around any circuit. Beyond this, the MC 65 is assembled with plenty of parts that you ll find on our bigger motocross bikes, but obviously scaled down to fit, underlining just how serious we are about making a competitive 65cc machine. We re talking the hydraulic clutch, all-red bodywork, MAXXIS tires, TWIN AIR air filter, and WP suspension. Yeah, we re stoked on our MC 65 and we know you will be too.; > Motorcycle > MC 65 2027 > MC 65 2027;MC 65 2027;MC 65 2027;Nuestra pequena e impresionante MC 65 marca donde realmente empieza el motocross puro. Con su suave cambio de marchas manual, esta puede ser la primera moto offroad con la que los ninos aprendan a cambiar de marcha y, lo que es mas importante, cuando hacerlo para encontrar a trazada mas rapida en cualquier circuito. Mas alla de esto, la MC 65 esta fabricada con un monton de piezas que encontraras en nuestras motos de motocross mas grandes, pero obviamente reducidas para que quepan, lo que subraya lo serios que somos a la hora de fabricar una moto de 65 cc competitiva. Hablamos del embrague hidraulico, la carroceria totalmente roja, los neumaticos MAXXIS, el filtro de aire TWIN AIR y las suspensiones WP. Si, estamos entusiasmados con nuestra MC 65 y sabemos que tu tambien lo estaras.; > Motorcycle > MC 65 2027 > MC 65 2027;MC 65 2027;MC 65 2027;"C est avec notre incroyable petite MC 65 que commence reellement la pratique du motocross pur. Avec sa boite de vitesses manuelle flexible, elle est tout indiquee comme premiere dirt bike sur laquelle les enfants pourront apprendre a changer de vitesse et, plus important encore, a savoir quand changer de vitesse pour filer sur tous les circuits. Au-dela de ca, la MC 65 est dotee de nombreux elements identiques a ceux de nos motocross de taille standard, adaptes bien sur a un gabarit plus petit, soulignant notre volonte de fabriquer une machine de 65 cm competitive. Il s agit de l embrayage hydraulique, de l habillage tout rouge, des pneumatiques MAXXIS, du filtre a air TWIN AIR et des suspensions WP. Eh oui, nous sommes totalement fans de notre MC 65, et il y a fort a parier que tu le deviendras aussi.<table style=""width:100%;border-collapse:collapse;margin-top:16px;border:1px solid #ffe0cc;border-radius:6px;overflow:hidden;"">
$M-MC8517142027;2027;F0001827;Active;pho_bike_90_re_gasgas_motocross_mc85_my27_90_right_wty_final__sall__acmsg__v1.png; > Motorcycle > MC 85 17/14 2027 > MC 85 17/14 2027;MC 85 17/14 2027;MC 85 17/14 2027;Zusammen mit unserem globalen Team von talentierten, jungen Fahrern haben wir ein unglaubliches 2-Takt Motocross-Bike entwickelt Vom neuen Rahmen und WP-Federbein bis hin zum verbesserten Motor und der uberarbeiteten Karosserie ist so ziemlich alles neu, was die MC 85 im Jahr 2025 ausmacht. Neben der gesteigerten Leistung wird auch das Fahrgefuhl deutlich verbessert. Die schlankere Ergonomie und die speziell fur jungere Rennfahrer entwickelte Lenkerkrummung schaffen Vertrauen und machen die Runden auf der Rennstrecke viel angenehmer. Das Endergebnis all dieser Anderungen ist ein Motorrad, das fur ein so kleines Motorrad eine unglaubliche Leistung und Fahrbarkeit bietet. Und wenn wir eines garantieren konnen, dann, dass die Kinder es absolut lieben werden; > Motorcycle > MC 85 17/14 2027 > MC 85 17/14 2027;MC 85 17/14 2027;MC 85 17/14 2027;Together with our global team of talented, young test riders, we ve developed what can only be described as an incredible 2-stroke motocross bike From the new frame and WP shock to the improved motor and redesigned bodywork, just about everything is new, making for a seriously fresh MC 85 in 2025. As well as the increased performance, the riding experience is considerably improved too. Slimmer ergonomics and a handlebar bend created specifically for younger racers inspires confidence and makes laps at the track so much more enjoyable. The end result of all the changes is a bike that delivers incredible performance and rideability for such a small motorcycle. And if there s one thing that we can guarantee, it s that kids will absolutely love it; > Motorcycle > MC 85 17/14 2027 > MC 85 17/14 2027;MC 85 17/14 2027;MC 85 17/14 2027;Together with our global team of talented, young test riders, we ve developed what can only be described as an incredible 2-stroke motocross bike From the new frame and WP shock to the improved motor and redesigned bodywork, just about everything is new, making for a seriously fresh MC 85 in 2025. As well as the increased performance, the riding experience is considerably improved too. Slimmer ergonomics and a handlebar bend created specifically for younger racers inspires confidence and makes laps at the track so much more enjoyable. The end result of all the changes is a bike that delivers incredible performance and rideability for such a small motorcycle. And if there s one thing that we can guarantee, it s that kids will absolutely love it; > Motorcycle > MC 85 17/14 2027 > MC 85 17/14 2027;MC 85 17/14 2027;MC 85 17/14 2027;Junto con nuestro equipo mundial de jovenes pilotos de pruebas de gran talento, hemos desarrollado lo que solo puede describirse como una increible moto de motocross de 2 tiempos. Desde el nuevo chasis y el amortiguador WP hasta el motor mejorado y la carroceria redisenada, casi todo es nuevo, lo que la convierte en una MC 85 muy fresca en 2025. Ademas de aumentar las prestaciones, la experiencia de conduccion tambien ha mejorado considerablemente. Una ergonomia mas estilizada y una curvatura del manillar creada especificamente para los corredores mas jovenes inspiran confianza y hacen que las vueltas en la pista sean mucho mas agradables. El resultado final de todos los cambios es una moto que ofrece unas prestaciones y una manejabilidad increibles para una motocicleta tan pequena. Y si hay algo que podemos garantizar, es que a los ninos les encantara.; > Motorcycle > MC 85 17/14 2027 > MC 85 17/14 2027;MC 85 17/14 2027;MC 85 17/14 2027;"Avec notre equipe mondiale de jeunes pilotes d essai talentueux, nous avons mis au point ce qui ne peut etre decrit que comme une incroyable moto-cross a deux temps Du nouveau cadre et de l amortisseur WP au moteur ameliore et a la carrosserie redessinee, a peu pres tout est nouveau, ce qui donne une MC 85 serieusement fraiche en 2025. En plus des performances accrues, l experience de conduite est aussi considerablement amelioree. Une ergonomie plus fine et une courbure du guidon creee specialement pour les jeunes coureurs inspirent confiance et rendent les tours de piste tellement plus agreables. Le resultat final de tous ces changements est une moto qui offre des performances et une maniabilite incroyables pour une si petite moto. Et s il y a une chose que nous pouvons garantir, c est que les enfants vont absolument l adorer<table style=""width:100%;border-collapse:collapse;margin-top:16px;border:1px solid #ffe0cc;border-radius:6px;overflow:hidden;"">
$M-MC8519162027;2027;F0001927;Active;pho_bike_90_re_gasgas_motocross_mc85_my27_90_right_wty_final__sall__acmsg__v1.png; > Motorcycle > MC 85 19/16 2027 > MC 85 19/16 2027;MC 85 19/16 2027;MC 85 19/16 2027;Das GASGAS MC 85 ist das ultimative 2-Takt-Motocross-Bike fur junge Fahrer, die bereit sind, aufzusteigen und zu zeigen, was sie drauf haben. Entwickelt mit dem Input von internationalen Fahrern und vollgepackt mit rennsporterprobter Technik, bietet dieses Bike ernsthafte Leistung, vertrauenserweckendes Handling und das Gefuhl eines gro en Bikes in einem verkleinerten Paket. Von seinem leichten Rahmen und der WP Suspension bis hin zu seinem kraftvollen Motor und der auf den Fahrer abgestimmten Ergonomie - der MC 85 wurde entwickelt, um Kindern zu helfen, Fortschritte zu machen, sich zu messen und dabei Spa zu haben.; > Motorcycle > MC 85 19/16 2027 > MC 85 19/16 2027;MC 85 19/16 2027;MC 85 19/16 2027;The GASGAS MC 85 is the ultimate 2-stroke motocross bike for young riders ready to step up and show what they ve got. Developed with input from international test riders and packed with race-proven tech, this bike delivers serious performance, confidence-inspiring handling, and full-size bike vibes in a scaled-down package. From its lightweight frame and WP suspension to its punchy motor and rider-focused ergonomics, the MC 85 is designed to help kids progress, compete, and have a blast doing it.; > Motorcycle > MC 85 19/16 2027 > MC 85 19/16 2027;MC 85 19/16 2027;MC 85 19/16 2027;The GASGAS MC 85 is the ultimate 2-stroke motocross bike for young riders ready to step up and show what they ve got. Developed with input from international test riders and packed with race-proven tech, this bike delivers serious performance, confidence-inspiring handling, and full-size bike vibes in a scaled-down package. From its lightweight frame and WP suspension to its punchy motor and rider-focused ergonomics, the MC 85 is designed to help kids progress, compete, and have a blast doing it.; > Motorcycle > MC 85 19/16 2027 > MC 85 19/16 2027;MC 85 19/16 2027;MC 85 19/16 2027;La GASGAS MC 85 es la moto de motocross de 2 tiempos definitiva para jovenes pilotos dispuestos a dar un paso adelante y demostrar lo que tienen. Desarrollada con las aportaciones de pilotos de pruebas internacionales y repleta de tecnologia probada en competicion, esta moto ofrece un rendimiento serio, un manejo que inspira confianza y las vibraciones de una moto de tamano normal en un paquete reducido. Desde su ligero chasis y suspension WP hasta su potente motor y ergonomia orientada al piloto, la MC 85 esta disenada para ayudar a los ninos a progresar, competir y pasarselo en grande haciendolo.; > Motorcycle > MC 85 19/16 2027 > MC 85 19/16 2027;MC 85 19/16 2027;MC 85 19/16 2027;"La GASGAS MC 85 est la moto-cross a deux temps par excellence pour les jeunes pilotes prets a se lancer et a montrer ce qu ils ont dans le ventre. Developpee avec l aide de pilotes d essai internationaux et dotee d une technologie eprouvee en course, cette moto offre des performances serieuses, une maniabilite qui inspire confiance et des vibrations de moto de taille normale dans un pack reduit. De son cadre leger et de sa suspension WP a son moteur percutant et a son ergonomie axee sur le pilote, le MC 85 est concu pour aider les enfants a progresser, a participer a des competitions et a s amuser.<table style=""width:100%;border-collapse:collapse;margin-top:16px;border:1px solid #ffe0cc;border-radius:6px;overflow:hidden;"">
$M-MCE52021;2021;F0001U1;Active;pho_bike_90_re_mc_e5_21_90_re__sall__acmsg__v1.png; > Motorcycle > MC-E 5 2021 > MC-E 5 2021;MC-E 5 2021;MC-E 5 2021;Wir liefern auch Strom Unsere MC-E 5 ist ein unkompliziertes Junioren-Motocross-Bike, das flusterleisen Fahrspa bietet. Mit ihr lernen Youngster spielerisch das Fahren im Gelande und dank 6 verschiedener Fahrmodi konnen Eltern die Power des schnellladenden elektrischen Power-Packs genau anpassen. Damit eines klar ist - Die MC-E 5 ist kein Spielzeug - sie ist ein vollstandig renntaugliches Bike fur Anfanger und erfahrene Junioren-Rennfahrer gleicherma en. Einfach zu transportieren, vollig emissionsfrei und beinahe lautlos, bietet sie einen extrem robusten Rahmen, eine Premium-Federung von WP, ein niedriges Gesamtgewicht, eine einstellbare Sitzhohe und hochwertige Teile, die viele Stunden Fahrspa sicherstellen.; > Motorcycle > MC-E 5 2021 > MC-E 5 2021;MC-E 5 2021;MC-E 5 2021;We do electric too Our MC-E 5 is a no-nonsense junior motocross bike that s super quiet and super fun. Ideal for youngsters to learn on, it s fitted with a quick charging electric power pack and offers 6 different ride modes for complete parental control. But make no mistake about it, the MC-E 5 is no toy - it s a fully-fledged competition bike aimed at both beginners and junior berm bashers. Easy to transport and benefiting from zero emissions and almost zero sound, with its super durable frame, premium WP suspension, overall lightweight construction, adjustable seat height and high-quality parts it s a bike that ll ensure hours and hours of fun.; > Motorcycle > MC-E 5 2021 > MC-E 5 2021;MC-E 5 2021;MC-E 5 2021;We do electric too Our MC-E 5 is a no-nonsense junior motocross bike that s super quiet and super fun. Ideal for youngsters to learn on, it s fitted with a quick charging electric power pack and offers 6 different ride modes for complete parental control. But make no mistake about it, the MC-E 5 is no toy - it s a fully-fledged competition bike aimed at both beginners and junior berm bashers. Easy to transport and benefiting from zero emissions and almost zero sound, with its super durable frame, premium WP suspension, overall lightweight construction, adjustable seat height and high-quality parts it s a bike that ll ensure hours and hours of fun.; > Motorcycle > MC-E 5 2021 > MC-E 5 2021;MC-E 5 2021;MC-E 5 2021;Tambien somos electricos Nuestra MC-E 5 es una locura de moto junior de motocross que es tan silenciosa como divertida. Ideal para que los jovenes aprendan, esta equipada con una bateria power pack de carga rapida y ofrece 6 modos diferentes de pilotaje para un completo control parental. Pero no te equivoques, la MC-E 5 no es un juguete - es una genuina moto de competicion dirigida tanto a los principiantes como a los mas ambiciosos aspirantes a piloto. Facil de transportar y beneficiandose de cero emisiones y casi cero decibelios, con su super duradero chasis, sus suspensiones WP de alta gama , su ligereza general, su altura de asiento ajustable y sus componentes de alta calidad, es una moto que te asegurara horas y horas de diversion.; > Motorcycle > MC-E 5 2021 > MC-E 5 2021;MC-E 5 2021;MC-E 5 2021;"Nous proposons egalement des motorisations electriques Super silencieuse, la GASGAS MC-E 5 est une excellente alternative pour les juniors qui souhaitent apprendre les fondamentaux du motocross tout en s amusant. Elle dispose d une batterie a recharge rapide et permet aux parents de surveiller de pres la progression de leurs enfants grace aux 6 modes de conduite proposes. Mais il ne faut pas s y tromper - la GASGAS MC-E 5 n est pas un jouet - c est un vrai petit bolide de competition destine aussi bien aux debutants qu aux graines de champion. Facile a transporter, la GASGAS MC-E 5 a egalement l avantage de ne produire aucune emission polluante et d emettre pratiquement aucun son. Son cadre ultra-robuste, ses suspensions WP haut de gamme, sa construction legere, sa hauteur de selle reglable et ses composants de haute qualite assurent a votre progeniture des heures de plaisir en selle<table style=""width:100%;border-collapse:collapse;margin-top:16px;border:1px solid #ffe0cc;border-radius:6px;overflow:hidden;"">
$M-MC502021;2021;F0001U4;Active;pho_bike_90_re_mc50_21_90_re__sall__acmsg__v1.png; > Motorcycle > MC 50 2021 > MC 50 2021;MC 50 2021;MC 50 2021;<p>Mit der GASGAS MC 50 wird die nachste Generation der MX-Nervenkitzel-Suchenden eingelautet. Die MC 50 ermoglicht jungen Fahrern selbstbewusst ihre ersten Erfahrungen auf der Strecke zu sammeln. Aggressives Design und hochwertige Komponenten spiegeln vor allem den Stil und den Fahrspa der gesamten MX-Reihe wider. Mit einem zuverlassigen Stahlrahmen, WP-Gabeln und dem kleinen 50cm3-Motor bietet die MC 50 das perfekte Sprungbrett in die fantastische Motorradwelt.</p>; > Motorcycle > MC 50 2021 > MC 50 2021;MC 50 2021;MC 50 2021;The GASGAS MC 50 is where the fun starts for the next generation of berm bashers and MX thrill seekers. Allowing youngsters to confidently take their first rides in the dirt, it delivers aggressive design, quality parts and above all else mirrors the style and enjoyment of the entire GASGAS MX range. With its dependable steel chassis, WP forks and revvy little 50cc motor, it s the perfect springboard into the awesome world of moto; > Motorcycle > MC 50 2021 > MC 50 2021;MC 50 2021;MC 50 2021;The GASGAS MC 50 is where the fun starts for the next generation of berm bashers and MX thrill seekers. Allowing youngsters to confidently take their first rides in the dirt, it delivers aggressive design, quality parts and above all else mirrors the style and enjoyment of the entire GASGAS MX range. With its dependable steel chassis, WP forks and revvy little 50cc motor, it s the perfect springboard into the awesome world of moto; > Motorcycle > MC 50 2021 > MC 50 2021;MC 50 2021;MC 50 2021;La GASGAS MC 50 es donde empieza la diversion para la proxima generacion de pilotos offroad y de cazadores de emociones MX. Permitiendo a los jovenes dar sus primeros pasos en el offroad con confianza, ofrece un diseno agresivo, componentes de alta calidad y sobre todo, refleja plenamente el estilo y la diversion de pilotaje de toda la gama GASGAS MX. Con su fiable chasis de acero, una horquilla WP y un revolucionado motor de 50 cc, es el trampolin perfecto para saltar al impresionante mundo de la moto; > Motorcycle > MC 50 2021 > MC 50 2021;MC 50 2021;MC 50 2021;"La GASGAS MC 50 est le modele ideal pour s initier a la pratique du motocross et vivre ses premiers frissons a moto en toute confiance. Son design agressif, ses pieces de qualite, ainsi que son style et son agrement de conduite caracteristiques de la gamme GASGAS MX, feront sensation aupres des jeunes pousses. Avec son chassis en acier tres sur, sa fourche WP et son moteur alerte de 50 cm3, cette mini-moto est parfaite pour faire ses armes dans l univers fabuleux de la moto<table style=""width:100%;border-collapse:collapse;margin-top:16px;border:1px solid #ffe0cc;border-radius:6px;overflow:hidden;"">
$M-MC652021;2021;F0001U6;Active;pho_bike_90_re_mc65_21_90_re__sall__acmsg__v1.png; > Motorcycle > MC 65 2021 > MC 65 2021;MC 65 2021;MC 65 2021;Das Auge fahrt mit. So auch bei unserer MC 65. Speziell auf kleinere Fahrer zugeschnitten, sieht sie genauso gut aus wie unsere hubraumstarkeren Motocrosser, wahrend jedes Verkleidungsteil so gestaltet wurde, dass es unsere jungen Fahrer bequem haben und sich frei bewegen konnen.; > Motorcycle > MC 65 2021 > MC 65 2021;MC 65 2021;MC 65 2021;Clutch in, select the gear, revs up, slowly release the clutch... those magical moment when a young motocrosser takes control of a full-on race machine for the first time. Our MC 65 is the perfect bike for any youngster to dive deeper into the world of dirt bikes and fun. With a hydraulic clutch, 6-speed transmission, highly competitive 65cc 2-stroke engine and WP forks it s a true performance offroad bike.; > Motorcycle > MC 65 2021 > MC 65 2021;MC 65 2021;MC 65 2021;Clutch in, select the gear, revs up, slowly release the clutch... those magical moment when a young motocrosser takes control of a full-on race machine for the first time. Our MC 65 is the perfect bike for any youngster to dive deeper into the world of dirt bikes and fun. With a hydraulic clutch, 6-speed transmission, highly competitive 65cc 2-stroke engine and WP forks it s a true performance offroad bike.; > Motorcycle > MC 65 2021 > MC 65 2021;MC 65 2021;MC 65 2021;Aprieta el embrague, selecciona la marcha, acelera, suelta lentamente el embrague... son esos momentos magicos en los que un joven piloto de motocross toma por primera vez el control de una moto de carreras. Nuestra MC 65 es la moto perfecta para que cualquier joven se sumerja en el mundo de las motos de campo y de la diversion. Con un embrague hidraulico, una caja de cambios de 6 velocidades, un motor de 2 tiempos de 65 cc altamente competitivo y una horquilla WP, es una autentica moto offroad de altas prestaciones.; > Motorcycle > MC 65 2021 > MC 65 2021;MC 65 2021;MC 65 2021;"Serrer le levier d embrayage, selectionner une vitesse, accelerer, relacher delicatement l embrayage... ces premiers moment dans la vie d un jeune pilote de motocross resteront graves dans sa memoire. La GASGAS MC 65 s adresse aux jeunes pilotes qui souhaitent franchir un nouveau palier en motocross, tout en preservant l esprit joueur. Avec son embrayage hydraulique, sa boite de vitesse a 6 rapports, son moteur a 2 temps de 65 cm3 ultra-competitif et sa fourche WP, elle est bien placee pour repondre a leurs attentes.<table style=""width:100%;border-collapse:collapse;margin-top:16px;border:1px solid #ffe0cc;border-radius:6px;overflow:hidden;"">
$M-MC8519162021;2021;F0001U9;Active;pho_bike_90_re_mc85_21_90_re__sall__acmsg__v1.png; > Motorcycle > MC 85 2021 > MC 85 2021;MC 85 2021;MC 85 2021;Mit einer GASGAS MC 85 bekommen junge Fahrer ein echtes, leistungsstarkes Performance-Bike. Dieses Bike wurde entwickelt, um jungen Talenten die Moglichkeit zu bieten mit einem echten Race-Bike weiter an ihren Fahigkeiten zu feilen. Ein kraftvoller und zuverlassiger Motor, eine WP-Federung und ein Bodywork, welches speziell auf junge Fahrer zugeschnitten wurde, machen die MC 85 zu einem Mini-Racer, der Performance, Haltbarkeit und jede Menge Spa liefert.; > Motorcycle > MC 85 2021 > MC 85 2021;MC 85 2021;MC 85 2021;The GASGAS MC 85 is a non-nonsense performance bike that packs a serious punch. Built to give youngsters an exciting full-on race bike that allows them to continue developing their skills, armed with its powerful and reliable motor, WP suspension and bodywork that s specifically designed to suit younger riders, it s a mini racer that delivers performance and durability and a whole lot of fun.; > Motorcycle > MC 85 2021 > MC 85 2021;MC 85 2021;MC 85 2021;The GASGAS MC 85 is a non-nonsense performance bike that packs a serious punch. Built to give youngsters an exciting full-on race bike that allows them to continue developing their skills, armed with its powerful and reliable motor, WP suspension and bodywork that s specifically designed to suit younger riders, it s a mini racer that delivers performance and durability and a whole lot of fun.; > Motorcycle > MC 85 2021 > MC 85 2021;MC 85 2021;MC 85 2021;La GASGAS MC 85 es una locura de moto de altas prestaciones y con una seria respuesta de motor. Creada para ofrecer a los jovenes una emocionante y completa moto de carreras que les permita seguir desarrollando sus habilidades, armada con su potente y fiable motor, unas suspensiones WP y una carroceria especificamente disenada para adaptarse a los pilotos mas jovenes, es una mini moto de competicion que ofrece prestaciones, durabilidad y mucha diversion.; > Motorcycle > MC 85 2021 > MC 85 2021;MC 85 2021;MC 85 2021;"La GASGAS MC 85 presente toutes les caracteristiques d une mini-moto de course - un moteur fiable et puissant, des suspensions WP, un chassis adapte specialement aux petits gabarits. Extremement grisante a piloter grace a un niveau de performance et de robustesse peu communs, elle est ideale pour perfectionner sa technique avant de passer a l echelon superieur.<table style=""width:100%;border-collapse:collapse;margin-top:16px;border:1px solid #ffe0cc;border-radius:6px;overflow:hidden;"">
$M-MCE52022;2022;F0001V1;Active;pho_bike_90_re_mc_e5_21_90_re__sall__acmsg__v1.png; > Motorcycle > MC-E 5 2022 > MC-E 5 2022;MC-E 5 2022;MC-E 5 2022;Wir liefern auch Strom Unsere MC-E 5 ist ein unkompliziertes Junioren-Motocross-Bike, das flusterleisen Fahrspa bietet. Mit ihr lernen Youngster spielerisch das Fahren im Gelande und dank 6 verschiedener Fahrmodi konnen Eltern die Power des schnellladenden elektrischen Power-Packs genau anpassen. Damit eines klar ist - Die MC-E 5 ist kein Spielzeug - sie ist ein vollstandig renntaugliches Bike fur Anfanger und erfahrene Junioren-Rennfahrer gleicherma en. Einfach zu transportieren, vollig emissionsfrei und beinahe lautlos, bietet sie einen extrem robusten Rahmen, eine Premium-Federung von WP, ein niedriges Gesamtgewicht, eine einstellbare Sitzhohe und hochwertige Teile, die viele Stunden Fahrspa sicherstellen.; > Motorcycle > MC-E 5 2022 > MC-E 5 2022;MC-E 5 2022;MC-E 5 2022;We do electric too Our MC-E 5 is a no-nonsense junior motocross bike that s super quiet and super fun. Ideal for youngsters to learn on, it s fitted with a quick charging electric power pack and offers 6 different ride modes for complete parental control. But make no mistake about it, the MC-E 5 is no toy - it s a fully-fledged competition bike aimed at both beginners and junior berm bashers. Easy to transport and benefiting from zero emissions and almost zero sound, with its super durable frame, premium WP suspension, overall lightweight construction, adjustable seat height and high-quality parts it s a bike that ll ensure hours and hours of fun.; > Motorcycle > MC-E 5 2022 > MC-E 5 2022;MC-E 5 2022;MC-E 5 2022;We do electric too Our MC-E 5 is a no-nonsense junior motocross bike that s super quiet and super fun. Ideal for youngsters to learn on, it s fitted with a quick charging electric power pack and offers 6 different ride modes for complete parental control. But make no mistake about it, the MC-E 5 is no toy - it s a fully-fledged competition bike aimed at both beginners and junior berm bashers. Easy to transport and benefiting from zero emissions and almost zero sound, with its super durable frame, premium WP suspension, overall lightweight construction, adjustable seat height and high-quality parts it s a bike that ll ensure hours and hours of fun.; > Motorcycle > MC-E 5 2022 > MC-E 5 2022;MC-E 5 2022;MC-E 5 2022;Tambien somos electricos Nuestra MC-E 5 es una locura de moto junior de motocross que es tan silenciosa como divertida. Ideal para que los jovenes aprendan, esta equipada con una bateria power pack de carga rapida y ofrece 6 modos diferentes de pilotaje para un completo control parental. Pero no te equivoques, la MC-E 5 no es un juguete - es una genuina moto de competicion dirigida tanto a los principiantes como a los mas ambiciosos aspirantes a piloto. Facil de transportar y beneficiandose de cero emisiones y casi cero decibelios, con su super duradero chasis, sus suspensiones WP de alta gama , su ligereza general, su altura de asiento ajustable y sus componentes de alta calidad, es una moto que te asegurara horas y horas de diversion.; > Motorcycle > MC-E 5 2022 > MC-E 5 2022;MC-E 5 2022;MC-E 5 2022;"Nous proposons egalement des motorisations electriques Super silencieuse, la GASGAS MC-E 5 est une excellente alternative pour les juniors qui souhaitent apprendre les fondamentaux du motocross tout en s amusant. Elle dispose d une batterie a recharge rapide et permet aux parents de surveiller de pres la progression de leurs enfants grace aux 6 modes de conduite proposes. Mais il ne faut pas s y tromper - la GASGAS MC-E 5 n est pas un jouet - c est un vrai petit bolide de competition destine aussi bien aux debutants qu aux graines de champion. Facile a transporter, la GASGAS MC-E 5 a egalement l avantage de ne produire aucune emission polluante et d emettre pratiquement aucun son. Son cadre ultra-robuste, ses suspensions WP haut de gamme, sa construction legere, sa hauteur de selle reglable et ses composants de haute qualite assurent a votre progeniture des heures de plaisir en selle<table style=""width:100%;border-collapse:collapse;margin-top:16px;border:1px solid #ffe0cc;border-radius:6px;overflow:hidden;"">
$M-MC502022;2022;F0001V4;Active;pho_bike_90_re_mc50_21_90_re__sall__acmsg__v1.png; > Motorcycle > MC 50 2022 > MC 50 2022;MC 50 2022;MC 50 2022;Mit der GASGAS MC 50 beginnt fur die nachste Generation von Dreckspatzen und MX-Hitzkopfen der Spa . Damit konnen Nachwuchsfahrer sicher ihre ersten Gehversuche im Gelande machen - mit einem Bike, das den hubraumstarkeren Bikes im GASGAS-Arsenal in Sachen Design, Qualitat, Styling und Fahrspa in nichts nachsteht. Ein verlasslicher Stahl-Rahmen, eine WP-Gabel und ein drehfreudiger, kleiner 50-cm -Motor - das perfekte Rezept fur einen fulminanten Einstieg in die Welt des Motocross; > Motorcycle > MC 50 2022 > MC 50 2022;MC 50 2022;MC 50 2022;The GASGAS MC 50 is where the fun starts for the next generation of berm bashers and MX thrill seekers. Allowing youngsters to confidently take their first rides in the dirt, it delivers aggressive design, quality parts and above all else mirrors the style and enjoyment of the entire GASGAS MX range. With its dependable steel chassis, WP forks and revvy little 50cc motor, it s the perfect springboard into the awesome world of moto; > Motorcycle > MC 50 2022 > MC 50 2022;MC 50 2022;MC 50 2022;The GASGAS MC 50 is where the fun starts for the next generation of berm bashers and MX thrill seekers. Allowing youngsters to confidently take their first rides in the dirt, it delivers aggressive design, quality parts and above all else mirrors the style and enjoyment of the entire GASGAS MX range. With its dependable steel chassis, WP forks and revvy little 50cc motor, it s the perfect springboard into the awesome world of moto; > Motorcycle > MC 50 2022 > MC 50 2022;MC 50 2022;MC 50 2022;La GASGAS MC 50 es donde empieza la diversion para la proxima generacion de pilotos offroad y de cazadores de emociones MX. Permitiendo a los jovenes dar sus primeros pasos en el offroad con confianza, ofrece un diseno agresivo, componentes de alta calidad y sobre todo, refleja plenamente el estilo y la diversion de pilotaje de toda la gama GASGAS MX. Con su fiable chasis de acero, una horquilla WP y un revolucionado motor de 50 cc, es el trampolin perfecto para saltar al impresionante mundo de la moto; > Motorcycle > MC 50 2022 > MC 50 2022;MC 50 2022;MC 50 2022;"La GASGAS MC 50 est le modele ideal pour s initier a la pratique du motocross et vivre ses premiers frissons a moto en toute confiance. Son design agressif, ses pieces de qualite, ainsi que son style et son agrement de conduite caracteristiques de la gamme GASGAS MX, feront sensation aupres des jeunes pousses. Avec son chassis en acier tres sur, sa fourche WP et son moteur alerte de 50 cm3, cette mini-moto est parfaite pour faire ses armes dans l univers fabuleux de la moto<table style=""width:100%;border-collapse:collapse;margin-top:16px;border:1px solid #ffe0cc;border-radius:6px;overflow:hidden;"">
$M-MC652022;2022;F0001V6;Active;pho_bike_90_re_mc65_21_90_re__sall__acmsg__v1.png; > Motorcycle > MC 65 2022 > MC 65 2022;MC 65 2022;MC 65 2022;Kupplung ziehen, Gang einlegen, Motor auf Drehzahl bringen, langsam die Kupplung kommen lassen ... ein magischer Augenblick fur jeden Nachwuchsfahrer, der zum ersten Mal ein echtes Rennmotorrad bewegt. Unsere MC 65 ist ein perfektes Bike fur Kids, die tiefer in die Welt der Motocross-Bikes und den damit verbundenen Fahrspa eintauchen wollen. Eine Hydraulikkupplung, ein 6-Gang-Getriebe, ein leistungsstarker 65-cm -2-Takt-Motor und eine WP-Gabel machen sie zu einem waschechten Performance-Offroad-Bike.; > Motorcycle > MC 65 2022 > MC 65 2022;MC 65 2022;MC 65 2022;Clutch in, select the gear, revs up, slowly release the clutch... those magical moment when a young motocrosser takes control of a full-on race machine for the first time. Our MC 65 is the perfect bike for any youngster to dive deeper into the world of dirt bikes and fun. With a hydraulic clutch, 6-speed transmission, highly competitive 65cc 2-stroke engine and WP forks it s a true performance offroad bike.; > Motorcycle > MC 65 2022 > MC 65 2022;MC 65 2022;MC 65 2022;Clutch in, select the gear, revs up, slowly release the clutch... those magical moment when a young motocrosser takes control of a full-on race machine for the first time. Our MC 65 is the perfect bike for any youngster to dive deeper into the world of dirt bikes and fun. With a hydraulic clutch, 6-speed transmission, highly competitive 65cc 2-stroke engine and WP forks it s a true performance offroad bike.; > Motorcycle > MC 65 2022 > MC 65 2022;MC 65 2022;MC 65 2022;Aprieta el embrague, selecciona la marcha, acelera, suelta lentamente el embrague... son esos momentos magicos en los que un joven piloto de motocross toma por primera vez el control de una moto de carreras. Nuestra MC 65 es la moto perfecta para que cualquier joven se sumerja en el mundo de las motos de campo y de la diversion. Con un embrague hidraulico, un cambio de marchas de 6 velocidades, un motor de 2 tiempos de 65 cc altamente competitivo y una horquilla WP, es una autentica moto offroad de altas prestaciones.; > Motorcycle > MC 65 2022 > MC 65 2022;MC 65 2022;MC 65 2022;"Serrer le levier d embrayage, selectionner une vitesse, accelerer, relacher delicatement l embrayage... ces premiers moment dans la vie d un jeune pilote de motocross resteront graves dans sa memoire. La GASGAS MC 65 s adresse aux jeunes pilotes qui souhaitent franchir un nouveau palier en motocross, tout en preservant l esprit joueur. Avec son embrayage hydraulique, sa boite de vitesse a 6 vitesses, son moteur a 2 temps de 65 cm3 ultra-competitif et sa fourche WP, elle est bien placee pour repondre a leurs attentes offroad.<table style=""width:100%;border-collapse:collapse;margin-top:16px;border:1px solid #ffe0cc;border-radius:6px;overflow:hidden;"">
$M-MC8517142022;2022;F0001V8;Active;pho_bike_90_re_mc85_21_90_re__sall__acmsg__v1.png; > Motorcycle > MC 85 17/14 2022 > MC 85 17/14 2022;MC 85 17/14 2022;MC 85 17/14 2022;Die GASGAS MC 85 17/14 meint es genauso ernst wie die MC 85 19/16, rollt aber auf kleineren Radern, damit auch die Allerjungsten sofort loslegen konnen. Entwickelt, um es jungen Talenten zu ermoglichen, mit einem echten Race-Bike weiter an ihren Fahigkeiten zu feilen, ist sie mit einem kraftvollen und zuverlassigen Motor, einer WP-Federung und einem Bodywork ausgerustet, welches speziell auf junge Fahrer zugeschnitten wurde. Zusammen ergeben diese Komponenten einen Mini-Racer, der Performance, Haltbarkeit und jede Menge Spa liefert.; > Motorcycle > MC 85 17/14 2022 > MC 85 17/14 2022;MC 85 17/14 2022;MC 85 17/14 2022;The GASGAS MC 85 17/14 is the same non-nonsense performance bike as the MC 85 19/16 but on smaller wheels to get the youngster started even earlier. An exciting full-on race bike that allows them to continue developing their skills, armed with its powerful and reliable motor, WP suspension and bodywork that s specifically designed to suit the growing young riders, it s a mini racer that delivers performance and durability and a whole lot of fun.; > Motorcycle > MC 85 17/14 2022 > MC 85 17/14 2022;MC 85 17/14 2022;MC 85 17/14 2022;The GASGAS MC 85 17/14 is the same non-nonsense performance bike as the MC 85 19/16 but on smaller wheels to get the youngster started even earlier. An exciting full-on race bike that allows them to continue developing their skills, armed with its powerful and reliable motor, WP suspension and bodywork that s specifically designed to suit the growing young riders, it s a mini racer that delivers performance and durability and a whole lot of fun.; > Motorcycle > MC 85 17/14 2022 > MC 85 17/14 2022;MC 85 17/14 2022;MC 85 17/14 2022;La GASGAS MC 85 17/14 es la misma loca moto de altas prestaciones que la MC 85 19/16, pero con ruedas mas pequenas para que los mas jovenes puedan subirse a ella aun mas temprano. Una emocionante y completa moto de competicion que les permite seguir desarrollando sus habilidades, armada con su potente y fiable motor, unas suspensiones WP y una carroceria especificamente disenada para adaptarse a los jovenes pilotos en edad de crecimiento, es una mini moto de competicion que ofrece prestaciones, durabilidad y mucha diversion.; > Motorcycle > MC 85 17/14 2022 > MC 85 17/14 2022;MC 85 17/14 2022;MC 85 17/14 2022;"La GASGAS MC 85 17/14 offre un niveau de performance digne d une MC 85 19/16, mais avec des roues adaptees aux plus jeunes. Elle peut compter sur un moteur fiable et puissant, des suspensions WP Suspension et un chassis adapte specialement aux petits gabarits. Extremement grisante a piloter grace des niveaux de performance et de robustesse peu communs, elle est ideale pour perfectionner sa technique avant de passer a l echelon superieur.<table style=""width:100%;border-collapse:collapse;margin-top:16px;border:1px solid #ffe0cc;border-radius:6px;overflow:hidden;"">
$M-MC8519162022;2022;F0001V9;Active;pho_bike_90_re_mc85_21_90_re__sall__acmsg__v1.png; > Motorcycle > MC 85 19/16 2022 > MC 85 19/16 2022;MC 85 19/16 2022;MC 85 19/16 2022;Mit einer GASGAS MC 85 bekommen junge Fahrer ein echtes, leistungsstarkes Performance-Bike. Dieses Bike wurde entwickelt, um jungen Talenten die Moglichkeit zu bieten mit einem echten Race-Bike weiter an ihren Fahigkeiten zu feilen. Ein kraftvoller und zuverlassiger Motor, eine WP-Federung und ein Bodywork, welches speziell auf junge Fahrer zugeschnitten wurde, machen die MC 85 zu einem Mini-Racer, der Performance, Haltbarkeit und jede Menge Spa liefert.; > Motorcycle > MC 85 19/16 2022 > MC 85 19/16 2022;MC 85 19/16 2022;MC 85 19/16 2022;The GASGAS MC 85 is a non-nonsense performance bike that packs a serious punch. Built to give youngsters an exciting full-on race bike that allows them to continue developing their skills, armed with its powerful and reliable motor, WP suspension and bodywork that s specifically designed to suit younger riders, it s a mini racer that delivers performance and durability and a whole lot of fun.; > Motorcycle > MC 85 19/16 2022 > MC 85 19/16 2022;MC 85 19/16 2022;MC 85 19/16 2022;The GASGAS MC 85 is a non-nonsense performance bike that packs a serious punch. Built to give youngsters an exciting full-on race bike that allows them to continue developing their skills, armed with its powerful and reliable motor, WP suspension and bodywork that s specifically designed to suit younger riders, it s a mini racer that delivers performance and durability and a whole lot of fun.; > Motorcycle > MC 85 19/16 2022 > MC 85 19/16 2022;MC 85 19/16 2022;MC 85 19/16 2022;La GASGAS MC 85 es una locura de moto de altas prestaciones y con una seria respuesta de motor. Creada para ofrecer a los jovenes una emocionante y completa moto de carreras que les permita seguir desarrollando sus habilidades, armada con su potente y fiable motor, unas suspensiones WP y una carroceria especificamente disenada para adaptarse a los pilotos mas jovenes, es una mini moto de competicion que ofrece prestaciones, durabilidad y mucha diversion.; > Motorcycle > MC 85 19/16 2022 > MC 85 19/16 2022;MC 85 19/16 2022;MC 85 19/16 2022;"La GASGAS MC 85 presente toutes les caracteristiques d une mini-moto de course - un moteur fiable et puissant, des suspensions WP, un chassis adapte specialement aux petits gabarits. Extremement grisante a piloter grace a un niveau de performance et de robustesse peu communs, elle est ideale pour perfectionner sa technique avant de passer a l echelon superieur.<table style=""width:100%;border-collapse:collapse;margin-top:16px;border:1px solid #ffe0cc;border-radius:6px;overflow:hidden;"">
$M-MCE52023;2023;F0001W1;Active;pho_bike_90_re_mc_e_5_my23_right__sall__acmsg__v1.png; > Motorcycle > MC-E 5 2023 > MC-E 5 2023;MC-E 5 2023;MC-E 5 2023;Unsere MC-E 5 hat in den letzten Jahren nicht nur fur eine Menge Gesprachsstoff gesorgt, sondern ist auch zu einem Riesen-Hit geworden Ideal geeignet, um das Motorradfahren zu erlernen, bietet das Bike eine einstellbare Sitzhohe sowie sechs verschiedene Fahrmodi fur sicheren, kontrollierten Fortschritt. Und nach zweistundiger Fahrt ohne Unterbrechung dauert es nur eine Stunde, um es wieder vollstandig aufzuladen. Wie cool ist das denn Dieser Mini-Racer kommt mit einer Lithium-Ionen-Batterie in einem leichten und dennoch robusten Fahrwerk daher und glanzt mit einer WP-Federung sowie hochwertigen Komponenten - genau wie ihre gro eren Bruder.; > Motorcycle > MC-E 5 2023 > MC-E 5 2023;MC-E 5 2023;MC-E 5 2023;Creating some serious buzz over the last couple of years, it s safe to say that our MC-E 5 has been a monumental hit The ideal dirt bike for youngsters to learn on,it offers an adjustable seat height and six different ride modes for safe, controlled progression. Offering up to two hours of uninterupted riding time, it ll then need just one hour to fully recharge. How cool is that With its lithium ion battery housed in a lightweight yet strong chassis, this mini racer is complete with WP Suspension and constructed with quality components, just like it s bigger brothers.; > Motorcycle > MC-E 5 2023 > MC-E 5 2023;MC-E 5 2023;MC-E 5 2023;Creating some serious buzz over the last couple of years, it s safe to say that our MC-E 5 has been a monumental hit The ideal dirt bike for youngsters to learn on,it offers an adjustable seat height and six different ride modes for safe, controlled progression. Offering up to two hours of uninterupted riding time, it ll then need just one hour to fully recharge. How cool is that With its lithium ion battery housed in a lightweight yet strong chassis, this mini racer is complete with WP Suspension and constructed with quality components, just like it s bigger brothers.; > Motorcycle > MC-E 5 2023 > MC-E 5 2023;MC-E 5 2023;MC-E 5 2023;En los ultimos dos anos, nuestra MC-E 5 ha logrado un exito monumental La moto offroad ideal para que los jovenes aprendan, con una altura de asiento ajustable y seis modos de pilotaje diferentes para una progresion segura y controlada. Ofrece hasta dos horas de pilotaje ininterrumpido, y luego solo necesita una hora para recargarse completamente. Hay algo mas atractivo Con su bateria de iones de litio alojada en una parte ciclo ligera pero robusta ciclo, esta minimoto de competicion pone la guinda con unas suspension WP y unos componentes de alta calidad, al igual que sus hermanas mayores.; > Motorcycle > MC-E 5 2023 > MC-E 5 2023;MC-E 5 2023;MC-E 5 2023;"En plus de l engouement suscite au cours des deux dernieres annees, la GASGAS MC-E 5 a connu un enorme succes La hauteur de selle ajustable, tout comme les six modes de conduite disponibles, en font la moto ideale pour progresser a son rythme et en toute securite. La moto offre une autonomie maximale de deux heures. Qui plus est, la recharge complete prend a peine une heure. Que demander de plus Concue avec le meme niveau d exigence que ses grandes s urs, cette mini-sportive herite de composants de qualite, de suspensions WP et d une batterie au lithium-ion logee dans un chassis leger et robuste.<table style=""width:100%;border-collapse:collapse;margin-top:16px;border:1px solid #ffe0cc;border-radius:6px;overflow:hidden;"">
$M-MC502023;2023;F0001W4;Active;pho_bike_90_re_mc50_my23_90_right__sall__acmsg__v1.png; > Motorcycle > MC 50 2023 > MC 50 2023;MC 50 2023;MC 50 2023;Die GASGAS MC 50 - fur einen perfekten Einstieg in die Welt des Motocross Mit hochwertigen Komponenten und dem dynamischen Styling unserer ausgewachsenen Motocross-Bikes bietet dieses Motorrad den Dreckspatzen der nachsten Generation eine hervorragende Ergonomie, einen drehfreudigen kleinen 50-cm -Motor und damit ein unverfalschtes Motocross-Erlebnis; > Motorcycle > MC 50 2023 > MC 50 2023;MC 50 2023;MC 50 2023;Step into the awesome world of moto with the GASGAS MC 50 Featuring the very same vibrant styling as our full size motocross bikes and loaded with quality components, the next generation of berm bashers will enjoy unrestrictive ergonomics, a revvy little 50cc motor, and a full on motocross experience as they progress to full throttle fun; > Motorcycle > MC 50 2023 > MC 50 2023;MC 50 2023;MC 50 2023;Step into the awesome world of moto with the GASGAS MC 50 Featuring the very same vibrant styling as our full size motocross bikes and loaded with quality components, the next generation of berm bashers will enjoy unrestrictive ergonomics, a revvy little 50cc motor, and a full on motocross experience as they progress to full throttle fun; > Motorcycle > MC 50 2023 > MC 50 2023;MC 50 2023;MC 50 2023;Adentrate en el maravilloso mundo de la moto con la GASGAS MC 50 Con el mismo estilo vibrante que nuestras motos de motocross de tamano normal y cargadas de componentes de calidad, la proxima generacion de aficionados a los saltos y derrapajes disfrutara de una ergonomia sin restricciones, de un pequeno motor de 50 cc con muchas revoluciones y de una experiencia de motocross completa a medida que avanza hacia la diversion a todo gas; > Motorcycle > MC 50 2023 > MC 50 2023;MC 50 2023;MC 50 2023;"Bienvenue dans l univers fabuleux de la moto au guidon de la GASGAS MC 50 Outre son look aussi energique que les motocross de taille standard et ses nombreux composants de qualite, les futures graines de champion peuvent compter sur une ergonomie sans faille, un moteur de 50 cm3 particulierement alerte et de reelles capacites en motocross pour prendre un maximum de plaisir sur la piste<table style=""width:100%;border-collapse:collapse;margin-top:16px;border:1px solid #ffe0cc;border-radius:6px;overflow:hidden;"">
$M-MC652023;2023;F0001W6;Active;pho_bike_90_re_mc65_my23_90_right__sall__acmsg__v1.png; > Motorcycle > MC 65 2023 > MC 65 2023;MC 65 2023;MC 65 2023;Einkuppeln, Gang einlegen, Drehzahl erhohen, Kupplung langsam kommen lassen ... einem jungen Motocross-Fahrer dabei zuzusehen, wie er zum ersten Mal ein waschechtes Rennmotorrad in Betrieb nimmt, ist ein magischer Moment. Unsere MC 65 ist die perfekte Wahl fur alle Youngster, die tiefer in die Welt der Gelandemotorrader eindringen wollen. Dank verschiedener Upgrades ist die MC 65 des Modelljahres 2023 unsere bisher beste. Eine verbesserte Hydraulikkupplung, eine 6-Gang-Schaltung, ein wettbewerbsfahiger 65-cm -2-Takt-Motor, eine starkere Kette, supergriffige, haltbare Reifen und eine Federung von WP machen sie zu einem waschechten Performance-Offroad-Bike.; > Motorcycle > MC 65 2023 > MC 65 2023;MC 65 2023;MC 65 2023;Clutch in, select the gear, revs up, slowly release the clutch... that magical moment when a young motocrosser takes control of a full-on race machine for the first time. Our MC 65 is the perfect choice for any youngster to dive deeper into the world of dirt bike fun. With a series of updates on the 2023 models, the MC 65 has never been better. Featuring an updated hydraulic clutch, 6-speed transmission, highly competitive 65cc 2-stroke engine, stronger chain, super grippy and durable tires, and WP Suspension, it s a true performance offroad bike.; > Motorcycle > MC 65 2023 > MC 65 2023;MC 65 2023;MC 65 2023;Clutch in, select the gear, revs up, slowly release the clutch... that magical moment when a young motocrosser takes control of a full-on race machine for the first time. Our MC 65 is the perfect choice for any youngster to dive deeper into the world of dirt bike fun. With a series of updates on the 2023 models, the MC 65 has never been better. Featuring an updated hydraulic clutch, 6-speed transmission, highly competitive 65cc 2-stroke engine, stronger chain, super grippy and durable tires, and WP Suspension, it s a true performance offroad bike.; > Motorcycle > MC 65 2023 > MC 65 2023;MC 65 2023;MC 65 2023;Aprieta el embrague, selecciona la marcha, acelera, suelta lentamente el embrague... esos momentos magicos en los que un joven piloto de motocross toma por primera vez el control de una moto de carreras de verdad. Nuestra MC 65 es la moto perfecta para que cualquier joven se sumerja en el divertido mundo de las motos offroad. Con una serie de actualizaciones en la gama 2023, la MC 65 es ahora mejor que nunca. Con un embrague hidraulico actualizado, un cambio de 6 velocidades, un motor de 65cc de 2 tiempos altamente competitivo, una cadena mas resistente, neumaticos de gran agarre y durabilidad, y unas suspensiones WP, es una moto offroad de autentico alto rendimiento.; > Motorcycle > MC 65 2023 > MC 65 2023;MC 65 2023;MC 65 2023;"Serrer le levier d embrayage, selectionner une vitesse, accelerer, relacher delicatement l embrayage... ces premiers moments dans la vie d un jeune pilote de motocross resteront graves dans sa memoire. La GASGAS MC 65 s adresse aux jeunes pilotes qui souhaitent franchir un nouveau palier en motocross, tout en preservant l esprit joueur. Le modele 2023 a encore progresse du fait des nombreuses ameliorations apportees. Avec son embrayage hydraulique optimise, sa boite de vitesse a 6 rapports, son moteur 2 temps de 65 cm3 ultra-competitif, sa chaine plus robuste, ses pneumatiques durables et super adherents et ses suspensions WP, elle est bien placee pour repondre a leurs attentes en tout-terrain.<table style=""width:100%;border-collapse:collapse;margin-top:16px;border:1px solid #ffe0cc;border-radius:6px;overflow:hidden;"">
$M-MC8517142023;2023;F0001W8;Active;pho_bike_90_re_mc85_my23_90_right__sall__acmsg__v1.png; > Motorcycle > MC 85 17/14 2023 > MC 85 17/14 2023;MC 85 17/14 2023;MC 85 17/14 2023;Genau wie ihr mit gro eren Radern ausgestatteter 85-cm -Bruder ist auch die GASGAS MC 85 17/14 ein fantastisches Bike - nur eben mit kleineren Radern. Diese machen sie zur perfekten Wahl fur Kids, die von einer MC 65 aufsteigen mochten Bereits im Serienzustand ist sie ein aufregendes, waschechtes Rennmotorrad mit beeindruckender Performance und Zuverlassigkeit - ideal fur aufstrebende junge Rennfahrer, die ihre Fahigkeiten verbessern und die Rennstrecke unsicher machen wollen. Klein, aber oho - Die MC 85 17/14 bietet enormen Fahrspa .; > Motorcycle > MC 85 17/14 2023 > MC 85 17/14 2023;MC 85 17/14 2023;MC 85 17/14 2023;Just like it s bigger-wheeled 85cc brother, the GASGAS MC 85 17/14 is the same awesome bike just with smaller wheels, making it the perfect choice for growing kids stepping up from our MC 65 In standard trim it s an exciting, full-on race bike boasting impressive performance and reliability, ideal for budding young racers to develop their skills and attack the track. Small and mighty, the MC 85 17/14 delivers a serious amount of fun.; > Motorcycle > MC 85 17/14 2023 > MC 85 17/14 2023;MC 85 17/14 2023;MC 85 17/14 2023;Just like it s bigger-wheeled 85cc brother, the GASGAS MC 85 17/14 is the same awesome bike just with smaller wheels, making it the perfect choice for growing kids stepping up from our MC 65 In standard trim it s an exciting, full-on race bike boasting impressive performance and reliability, ideal for budding young racers to develop their skills and attack the track. Small and mighty, the MC 85 17/14 delivers a serious amount of fun.; > Motorcycle > MC 85 17/14 2023 > MC 85 17/14 2023;MC 85 17/14 2023;MC 85 17/14 2023;Al igual que su hermana de 85cc con ruedas mas grandes, la GASGAS MC 85 17/14 es la misma moto increible, solo que con ruedas mas pequenas, lo que la convierte en la opcion perfecta para los ninos que crecen desde nuestra MC 65 En su version estandar, es una moto de carreras excitante y completa, con un rendimiento y una fiabilidad impresionantes, ideal para que los jovenes pilotos en ciernes desarrollen sus habilidades y ataquen en los circuitos. Pequena y poderosa, la MC 85 17/14 ofrece una gran cantidad de diversion.; > Motorcycle > MC 85 17/14 2023 > MC 85 17/14 2023;MC 85 17/14 2023;MC 85 17/14 2023;"La GASGAS MC 85 17/14 offre un niveau de performance digne de sa grande s ur de meme cylindree, mais ses roues plus petites se pretent mieux aux jeunes pousses habitues a piloter une GASGAS MC 65 Extremement grisante a piloter, dans sa finition standard, grace a des niveaux de performance et de fiabilite peu communs, elle est ideale pour parfaire sa technique et adopter un style de pilotage agressif. Petite mais puissante, la MC 85 17/14 promet une bonne dose de plaisir sur la piste.<table style=""width:100%;border-collapse:collapse;margin-top:16px;border:1px solid #ffe0cc;border-radius:6px;overflow:hidden;"">
$M-MC8519162023;2023;F0001W9;Active;pho_bike_90_re_mc85_my23_90_right__sall__acmsg__v1.png; > Motorcycle > MC 85 19/16 2023 > MC 85 19/16 2023;MC 85 19/16 2023;MC 85 19/16 2023;Die GASGAS MC 85 ist ein unschlagbares High-Performance-Paket fur unkomplizierten Motocross-Spa Sie wurde fur junge Fahrer entwickelt, die zeigen wollen, was sie auf der Rennstrecke draufhaben, und ist ein perfektes Sprungbrett fur Kids, die von einem Motorrad mit kleineren Radern aufsteigen wollen. Mit der MC 85 haben alle jungen Fahrer den Dreh schnell heraus. Ein starker Motor, eine Federung von WP und ein auf den modernen Nachwuchsrennfahrer zugeschnittenes Bodywork machen aus ihr einen Mini-Racer mit Spa garantie.; > Motorcycle > MC 85 19/16 2023 > MC 85 19/16 2023;MC 85 19/16 2023;MC 85 19/16 2023;The GASGAS MC 85 is an unbeatable high-performance package designed for no-nonsense motocross fun Built for youth riders that want to show what they ve got on the track, it also provides the perfect stepping stone for those jumping up from small wheel dirt bikes. All youngsters will quickly get to grips with the MC 85. Complete with a strong motor, WP Suspension, and bodywork tailored to suit today s youth racers, it s without question a super-fun mini racer.; > Motorcycle > MC 85 19/16 2023 > MC 85 19/16 2023;MC 85 19/16 2023;MC 85 19/16 2023;The GASGAS MC 85 is an unbeatable high-performance package designed for no-nonsense motocross fun Built for youth riders that want to show what they ve got on the track, it also provides the perfect stepping stone for those jumping up from small wheel dirt bikes. All youngsters will quickly get to grips with the MC 85. Complete with a strong motor, WP Suspension, and bodywork tailored to suit today s youth racers, it s without question a super-fun mini racer.; > Motorcycle > MC 85 19/16 2023 > MC 85 19/16 2023;MC 85 19/16 2023;MC 85 19/16 2023;La GASGAS MC 85 es un conjunto imbatible de alto rendimiento, disenado para disfrutar de la diversion del motocross sin complicaciones Creada para los jovenes pilotos que quieren demostrar lo que valen en el circuito, tambien es el trampolin perfecto para los que llegan desde las motos offroad de rueda pequena. Todos los jovenes se familiarizaran rapidamente con la MC 85. Equipada con un potente motor, unas suspensiones WP y una carroceria adaptada a los jovenes pilotos de hoy en dia, es sin duda una minimoto de carreras muy divertida.; > Motorcycle > MC 85 19/16 2023 > MC 85 19/16 2023;MC 85 19/16 2023;MC 85 19/16 2023;"La GASGAS MC 85 est une mini-motocross qui deborde d energie Destinee aux jeunes pilotes qui entendent demontrer l etendue de leur talent sur la piste, elle est egalement parfaite pour s initier aux joies du motocross quand on vient d une categorie inferieure. La GASGAS MC 85 est particulierement facile a prendre en main. Elle presente toutes les caracteristiques d une mini-motocross de course - moteur puissant, suspensions WP et habillage adapte specialement aux jeunes pilotes.<table style=""width:100%;border-collapse:collapse;margin-top:16px;border:1px solid #ffe0cc;border-radius:6px;overflow:hidden;"">
$M-MCE52024;2024;F0001X1;Active;pho_bike_90_re_mc_e_5_my23_right__sall__acmsg__v1.png; > Motorcycle > MC-E 5 2024 > MC-E 5 2024;MC-E 5 2024;MC-E 5 2024;Unsere MC-E 5 hat in den letzten Jahren nicht nur fur eine Menge Gesprachsstoff gesorgt, sondern ist auch zu einem Riesen-Hit geworden Ideal geeignet, um das Motorradfahren zu erlernen, bietet das Bike eine einstellbare Sitzhohe sowie sechs verschiedene Fahrmodi fur sicheren, kontrollierten Fortschritt. Und nach zweistundiger Fahrt ohne Unterbrechung dauert es nur eine Stunde, um es wieder vollstandig aufzuladen. Wie cool ist das denn Dieser Mini-Racer kommt mit einer Lithium-Ionen-Batterie in einem leichten und dennoch robusten Fahrwerk daher und glanzt mit einer WP-Federung sowie hochwertigen Komponenten - genau wie ihre gro eren Bruder.; > Motorcycle > MC-E 5 2024 > MC-E 5 2024;MC-E 5 2024;MC-E 5 2024;Creating some serious buzz over the last couple of years, it s safe to say that our MC-E 5 has been a monumental hit The ideal dirt bike for youngsters to learn on,it offers an adjustable seat height and six different ride modes for safe, controlled progression. Offering up to two hours of uninterupted riding time, it ll then need just one hour to fully recharge. How cool is that With its lithium ion battery housed in a lightweight yet strong chassis, this mini racer is complete with WP Suspension and constructed with quality components, just like it s bigger brothers.; > Motorcycle > MC-E 5 2024 > MC-E 5 2024;MC-E 5 2024;MC-E 5 2024;Creating some serious buzz over the last couple of years, it s safe to say that our MC-E 5 has been a monumental hit The ideal dirt bike for youngsters to learn on,it offers an adjustable seat height and six different ride modes for safe, controlled progression. Offering up to two hours of uninterupted riding time, it ll then need just one hour to fully recharge. How cool is that With its lithium ion battery housed in a lightweight yet strong chassis, this mini racer is complete with WP Suspension and constructed with quality components, just like it s bigger brothers.; > Motorcycle > MC-E 5 2024 > MC-E 5 2024;MC-E 5 2024;MC-E 5 2024;En los ultimos dos anos, nuestra MC-E 5 ha logrado un exito monumental La moto offroad ideal para que los jovenes aprendan, con una altura de asiento ajustable y seis modos de pilotaje diferentes para una progresion segura y controlada. Ofrece hasta dos horas de pilotaje ininterrumpido, y luego solo necesita una hora para recargarse completamente. Hay algo mas atractivo Con su bateria de iones de litio alojada en una parte ciclo ligera pero robusta ciclo, esta minimoto de competicion pone la guinda con unas suspension WP y unos componentes de alta calidad, al igual que sus hermanas mayores.; > Motorcycle > MC-E 5 2024 > MC-E 5 2024;MC-E 5 2024;MC-E 5 2024;"En plus de l engouement suscite au cours des deux dernieres annees, la GASGAS MC-E 5 a connu un enorme succes La hauteur de selle ajustable, tout comme les six modes de conduite disponibles, en font la moto ideale pour progresser a son rythme et en toute securite. La moto offre une autonomie maximale de deux heures. Qui plus est, la recharge complete prend a peine une heure. Que demander de plus Concue avec le meme niveau d exigence que ses grandes s urs, cette mini-sportive herite de composants de qualite, de suspensions WP et d une batterie au lithium-ion logee dans un chassis leger et robuste.<table style=""width:100%;border-collapse:collapse;margin-top:16px;border:1px solid #ffe0cc;border-radius:6px;overflow:hidden;"">
$M-MCE22024;2024;F0001X3;Active;pho_bike_90_re_mce2_my24_90_right__sall__acmsg__v1.png; > Motorcycle > MC-E 2 2024 > MC-E 2 2024;MC-E 2 2024;MC-E 2 2024;Wir haben ein neues GASGAS Dirtbike in unserem Portfolio - das MC-E 2. Es wurde fur abenteuerlustige Kinder 90-130 cm entwickelt, die das Offroad-Fahren ausprobieren mochten. Es ist batteriebetrieben und mit einer vollen Ladung konnen die Kids bis zu 100 Minuten fahren. Au erdem hat es eine wahnsinnig schnelle Ladezeit, was bedeutet, dass das MC-E 2 den ganzen Tag lang Spa fur alle Fahrer bietet. Da wir wissen, dass alle Kinder eine absolute Freude daran haben werden, mit diesem kleinen Motorrad im Garten herumzufahren, haben wir das MC-E 2 mit drei Leistungsmodi und mehreren Optionen zur Anpassung der Ergonomie ausgestattet, um eine kontrollierte Progression zu gewahrleisten. Fur eifrige Kinder beginnt das Dirtbike-Fahren genau hier.; > Motorcycle > MC-E 2 2024 > MC-E 2 2024;MC-E 2 2024;MC-E 2 2024;There s a new GASGAS dirt bike in town - the MC-E 2. All new, and all red, it s been designed for thrill-seeking youngsters 35-51 inches tall that want to get to grips with offroad riding. It s battery-powered, inexpensive to run, with a full charge lasting well up to 100 minutes. It also has a ridiculously quick recharging time, which means the MC-E 2 offers day long fun for all riders. Knowing that all kids will have an absolute blast tearing around the backyard on this little bike, we ve fitted the MC-E 2 with three power modes and multiple options to adjust the ergonomics, so controlled progression is guaranteed. For eager kids, dirt bike riding starts right here.; > Motorcycle > MC-E 2 2024 > MC-E 2 2024;MC-E 2 2024;MC-E 2 2024;There s a new GASGAS dirt bike in town - the MC-E 2. All new, and all red, it s been designed for thrill-seeking youngsters 35-51 inches tall that want to get to grips with offroad riding. It s battery-powered, inexpensive to run, with a full charge lasting well up to 100 minutes. It also has a ridiculously quick recharging time, which means the MC-E 2 offers day long fun for all riders. Knowing that all kids will have an absolute blast tearing around the backyard on this little bike, we ve fitted the MC-E 2 with three power modes and multiple options to adjust the ergonomics, so controlled progression is guaranteed. For eager kids, dirt bike riding starts right here.; > Motorcycle > MC-E 2 2024 > MC-E 2 2024;MC-E 2 2024;MC-E 2 2024;Hay una nueva moto offroad GASGAS rodando - la MC-E 2. Totalmente nueva y roja, ha sido creada para los jovenes de entre 89 y 130 cm de estatura que buscan emociones fuertes y quieren iniciarse en el pilotaje offroad. Es electrica, economica de funcionamiento y con una carga completa funciona hasta 100 minutos. Tambien tiene un tiempo de recarga increiblemente rapido, asi que la MC-E 2 garantiza diversion durante todo el dia para todos los pilotos. Sabiendo que todos los ninos se lo pasaran en grande dando vueltas por el jardin con esta pequena moto, hemos dotado a la MC-E 2 de tres modos de potencia y multiples opciones para ajustar la ergonomia, por lo que la progresion controlada queda garantizada. Para los ninos mas ansiosos, el pilotaje de motos offroad comienza aqui mismo.; > Motorcycle > MC-E 2 2024 > MC-E 2 2024;MC-E 2 2024;MC-E 2 2024;"Une nouvelle dirt bike GASGAS fait son apparition - la MC-E 2. Toute nouvelle et toute rouge, elle a ete concue pour les jeunes amateurs de sensations fortes de 90 a 130 cm qui veulent s adonner au tout-terrain. Alimentee par batterie, elle a un cout de fonctionnement reduit et dure jusqu a 100 minutes a pleine charge. Avec son temps de recharge tres rapide, la MC-E 2 permet aux jeunes pilotes de s amuser toute la journee. Sachant que tous les enfants s eclateront a faire le tour du jardin a toute allure sur cette petite moto, nous avons dote la MC-E 2 de trois modes de puissance et de nombreuses options pour ajuster l ergonomie, de sorte a garantir une progression controlee. Pour les enfants impatients, le tout-terrain commence maintenant.<table style=""width:100%;border-collapse:collapse;margin-top:16px;border:1px solid #ffe0cc;border-radius:6px;overflow:hidden;"">
$M-MC502024;2024;F0001X4;Active;pho_bike_90_re_mc_50_mini_my24_90_right__sall__acmsg__v1.png; > Motorcycle > MC 50 2024 > MC 50 2024;MC 50 2024;MC 50 2024;Der Spa beginnt genau hier Unsere fantastische MC 50 ist eine Mini-Motocross, die entwickelt wurde, um die nachste Generation von Kurvenraubern zu ermutigen, selbstbewusst und mit Stil gro e Rennstrecken in Angriff zu nehmen. Eine lange Liste hochwertiger Komponenten zusammen mit verstellbarer Ergonomie ermoglicht es Kindern, Motocross wie nie zuvor zu erleben, mit garantiertem Grinsen von Ohr zu Ohr nach der Fahrt. Aktualisiert fur 2024 mit einem neuen Motor, Auspuff, Kupplung, Rahmen und glattererem Bodywork wird das Kind oder die Kinder eine absolute Freude haben, die MC 50 zu fahren; > Motorcycle > MC 50 2024 > MC 50 2024;MC 50 2024;MC 50 2024;Fun times start right here Our awesome little MC 50 is a mini motocrosser designed to encourage the next generation of berm bashers to take on full size circuits in style, and with complete confidence. A long list of quality components together with adjustable ergonomics let kids experience motocross like never before with post-ride ear-to-ear grins guaranteed. Updated for 2024 with a new motor, exhaust, clutch, frame, and smoother bodywork, the kid or kids in your life will have an absolute blast riding the MC 50; > Motorcycle > MC 50 2024 > MC 50 2024;MC 50 2024;MC 50 2024;Fun times start right here Our awesome little MC 50 is a mini motocrosser designed to encourage the next generation of berm bashers to take on full size circuits in style, and with complete confidence. A long list of quality components together with adjustable ergonomics let kids experience motocross like never before with post-ride ear-to-ear grins guaranteed. Updated for 2024 with a new motor, exhaust, clutch, frame, and smoother bodywork, the kid or kids in your life will have an absolute blast riding the MC 50; > Motorcycle > MC 50 2024 > MC 50 2024;MC 50 2024;MC 50 2024;Los momentos divertidos comienzan aqui Nuestra impresionante MC 50 es una min motocross disenada para fomentar la proxima generacion de amantes de las curvas y enfrentar circuitos de tamano completo con estilo y completa confianza. Una larga list componentes de alta calidad junto con ergonomia ajustable permite a los ninos experimentar el motocross como nunca antes, con sonrisas de oreja a oreja garantizac despues de la carrera. Actualizada para 2024 con un nuevo motor, escape, embrague, y una carroceria mas suave, el nino o los ninos en tu vida se divertiran al maximo conduciendo la MC 50; > Motorcycle > MC 50 2024 > MC 50 2024;MC 50 2024;MC 50 2024;"Les moments de plaisir commencent ici Notre incroyable petite MC 50 est une mini-motocross concue pour encourager la prochaine generation de passionnes de virages a affronter avec style et confiance des circuits de taille normale. Une longue liste de composants de qualite associee a une ergonomie ajustable permet aux enfants de vivre le motocross comme jamais auparavant, avec des sourires garantis d oreille a oreille apres la balade. Mise a jour pour 2024 avec un nouveau moteur, tin echappement, un embrayage, un chassis et une carrosserie plus lisse, l enfant ou les enfants de votre vie s amusera a coup sur en conduisant la MC 50<table style=""width:100%;border-collapse:collapse;margin-top:16px;border:1px solid #ffe0cc;border-radius:6px;overflow:hidden;"">
$M-MC652024;2024;F0001X6;Active;pho_bike_90_re_mc65_my24_90_right__sall__acmsg__v1.png; > Motorcycle > MC 65 2024 > MC 65 2024;MC 65 2024;MC 65 2024;Hier fangt pures Motocrossfahren wirklich an Fur 2024 hat die MC 65 eine ganze Reihe aufregender Updates erhalten, darunter einen neuen Motor, Bodywork, Kupplung, Auspuff, Rahmen und Getriebe, die alle dazu beitragen, das On-Track-Erlebnis auf ein vollig neues Niveau zu heben. Dieser kleine rote Racer ist ein vollwertiges 6-Gang-Dirtbike, das allen zukunftigen Superstars einen Wettbewerbsvorteil verschaffen soll. Mit einigen erprobten Rennkomponenten wie der WP-Federung, Maxxis-Reifen und dem Twin Air-Filter braucht die MC 65 nur noch Startnummern, um Rennen zu fahren. Sie ist wirklich so gut.; > Motorcycle > MC 65 2024 > MC 65 2024;MC 65 2024;MC 65 2024;Where pure motocross riding really starts For 2024, the MC 65 this has received a whole host of exciting updates including a new motor, bodywork, clutch, exhaust, frame, and transmission, all helping take the on-track experience to a whole new level. This little red racer is a fully fledged, 6-speed dirt bike designed to give all future superstars a competitive edge. Retaining a few race-tested components such as the WP suspension, Maxxis tires, and Twin Air filter, the MC 65 only needs numbers sticking on to take it racing. It really is that good.; > Motorcycle > MC 65 2024 > MC 65 2024;MC 65 2024;MC 65 2024;Where pure motocross riding really starts For 2024, the MC 65 this has received a whole host of exciting updates including a new motor, bodywork, clutch, exhaust, frame, and transmission, all helping take the on-track experience to a whole new level. This little red racer is a fully fledged, 6-speed dirt bike designed to give all future superstars a competitive edge. Retaining a few race-tested components such as the WP suspension, Maxxis tires, and Twin Air filter, the MC 65 only needs numbers sticking on to take it racing. It really is that good.; > Motorcycle > MC 65 2024 > MC 65 2024;MC 65 2024;MC 65 2024;Donde realmente comienza la practica del motocross puro. Para 2024, la MC 65 ha recibido una serie emocionante de actualizaciones, que incluyen un nuevo motor, carroceria, embrague, escape, chasis y transmision, todas disenadas para llevar la experiencia en la pista a un nivel completamente nuevo. Este pequeno corredor rojo es una verdadera moto de cross de 6 velocidades disenada para dar a todas las futuras superestrellas una ventaja competitiva. Conservando algunos componentes probados en carreras como la suspension WP, los neumaticos Maxxis y el filtro Twin Air, la MC 65 solo necesita numeros para comenzar a competir. Es realmente asi de buena.; > Motorcycle > MC 65 2024 > MC 65 2024;MC 65 2024;MC 65 2024;"Ou commence reellement la pratique du motocross pur Pour 2024, la MC 65 a recu une serie passionnante de mises a jour, comprenant un nouveau moteur, une nouvelle carrosserie, un nouvel embrayage, un nouvel echappement, un nouveau chassis et une nouvelle transmission, qui contribuent tous a elever l experience en piste a un tout nouveau niveau. Ce petit bolide rouge est une veritable moto tout-terrain a 6 vitesses concue pour donner a toutes les futures superstars un avantage competitif. En conservant quelques composants testes en course tels que la suspension WP, les pneus Maxxis et le filtre Twin Air, la MC 65 a seulement besoin de numeros pour se lancer en competition. Elle est vraiment excellente.<table style=""width:100%;border-collapse:collapse;margin-top:16px;border:1px solid #ffe0cc;border-radius:6px;overflow:hidden;"">
$M-MC8517142024;2024;F0001X8;Active;pho_bike_90_re_mc85_my23_90_right__sall__acmsg__v1.png; > Motorcycle > MC 85 17/14 2024 > MC 85 17/14 2024;MC 85 17/14 2024;MC 85 17/14 2024;Genau wie ihr mit gro eren Radern ausgestatteter 85-cm -Bruder ist auch die GASGAS MC 85 17/14 ein fantastisches Bike - nur eben mit kleineren Radern. Diese machen sie zur perfekten Wahl fur Kids, die von einer MC 65 aufsteigen mochten Bereits im Serienzustand ist sie ein aufregendes, waschechtes Rennmotorrad mit beeindruckender Performance und Zuverlassigkeit - ideal fur aufstrebende junge Rennfahrer, die ihre Fahigkeiten verbessern und die Rennstrecke unsicher machen wollen. Klein, aber oho - Die MC 85 17/14 bietet enormen Fahrspa .; > Motorcycle > MC 85 17/14 2024 > MC 85 17/14 2024;MC 85 17/14 2024;MC 85 17/14 2024;Just like it s bigger-wheeled 85cc brother, the GASGAS MC 85 17/14 is the same awesome bike just with smaller wheels, making it the perfect choice for growing kids stepping up from our MC 65 In standard trim it s an exciting, full-on race bike boasting impressive performance and reliability, ideal for budding young racers to develop their skills and attack the track. Small and mighty, the MC 85 17/14 delivers a serious amount of fun.; > Motorcycle > MC 85 17/14 2024 > MC 85 17/14 2024;MC 85 17/14 2024;MC 85 17/14 2024;Just like it s bigger-wheeled 85cc brother, the GASGAS MC 85 17/14 is the same awesome bike just with smaller wheels, making it the perfect choice for growing kids stepping up from our MC 65 In standard trim it s an exciting, full-on race bike boasting impressive performance and reliability, ideal for budding young racers to develop their skills and attack the track. Small and mighty, the MC 85 17/14 delivers a serious amount of fun.; > Motorcycle > MC 85 17/14 2024 > MC 85 17/14 2024;MC 85 17/14 2024;MC 85 17/14 2024;Al igual que su hermana de 85cc con ruedas mas grandes, la GASGAS MC 85 17/14 es la misma moto increible, solo que con ruedas mas pequenas, lo que la convierte en la opcion perfecta para los ninos que crecen desde nuestra MC 65 En su version estandar, es una moto de carreras excitante y completa, con un rendimiento y una fiabilidad impresionantes, ideal para que los jovenes pilotos en ciernes desarrollen sus habilidades y ataquen en los circuitos. Pequena y poderosa, la MC 85 17/14 ofrece una gran cantidad de diversion.; > Motorcycle > MC 85 17/14 2024 > MC 85 17/14 2024;MC 85 17/14 2024;MC 85 17/14 2024;"La GASGAS MC 85 17/14 offre un niveau de performance digne de sa grande s ur de meme cylindree, mais ses roues plus petites se pretent mieux aux jeunes pousses habitues a piloter une GASGAS MC 65 Extremement grisante a piloter, dans sa finition standard, grace a des niveaux de performance et de fiabilite peu communs, elle est ideale pour parfaire sa technique et adopter un style de pilotage agressif. Petite mais puissante, la MC 85 17/14 promet une bonne dose de plaisir sur la piste.<table style=""width:100%;border-collapse:collapse;margin-top:16px;border:1px solid #ffe0cc;border-radius:6px;overflow:hidden;"">
$M-MC8519162024;2024;F0001X9;Active;pho_bike_90_re_mc85_my23_90_right__sall__acmsg__v1.png; > Motorcycle > MC 85 19/16 2024 > MC 85 19/16 2024;MC 85 19/16 2024;MC 85 19/16 2024;Die GASGAS MC 85 ist ein unschlagbares High-Performance-Paket fur unkomplizierten Motocross-Spa Sie wurde fur junge Fahrer entwickelt, die zeigen wollen, was sie auf der Rennstrecke draufhaben, und ist ein perfektes Sprungbrett fur Kids, die von einem Motorrad mit kleineren Radern aufsteigen wollen. Mit der MC 85 haben alle jungen Fahrer den Dreh schnell heraus. Ein starker Motor, eine Federung von WP und ein auf den modernen Nachwuchsrennfahrer zugeschnittenes Bodywork machen aus ihr einen Mini-Racer mit Spa garantie.; > Motorcycle > MC 85 19/16 2024 > MC 85 19/16 2024;MC 85 19/16 2024;MC 85 19/16 2024;The GASGAS MC 85 is an unbeatable high-performance package designed for no-nonsense motocross fun Built for youth riders that want to show what they ve got on the track, it also provides the perfect stepping stone for those jumping up from small wheel dirt bikes. All youngsters will quickly get to grips with the MC 85. Complete with a strong motor, WP Suspension, and bodywork tailored to suit today s youth racers, it s without question a super-fun mini racer.; > Motorcycle > MC 85 19/16 2024 > MC 85 19/16 2024;MC 85 19/16 2024;MC 85 19/16 2024;The GASGAS MC 85 is an unbeatable high-performance package designed for no-nonsense motocross fun Built for youth riders that want to show what they ve got on the track, it also provides the perfect stepping stone for those jumping up from small wheel dirt bikes. All youngsters will quickly get to grips with the MC 85. Complete with a strong motor, WP Suspension, and bodywork tailored to suit today s youth racers, it s without question a super-fun mini racer.; > Motorcycle > MC 85 19/16 2024 > MC 85 19/16 2024;MC 85 19/16 2024;MC 85 19/16 2024;La GASGAS MC 85 es un conjunto imbatible de alto rendimiento, disenado para disfrutar de la diversion del motocross sin complicaciones Creada para los jovenes pilotos que quieren demostrar lo que valen en el circuito, tambien es el trampolin perfecto para los que llegan desde las motos offroad de rueda pequena. Todos los jovenes se familiarizaran rapidamente con la MC 85. Equipada con un potente motor, unas suspensiones WP y una carroceria adaptada a los jovenes pilotos de hoy en dia, es sin duda una minimoto de carreras muy divertida.; > Motorcycle > MC 85 19/16 2024 > MC 85 19/16 2024;MC 85 19/16 2024;MC 85 19/16 2024;"La GASGAS MC 85 est une mini-motocross qui deborde d energie Destinee aux jeunes pilotes qui entendent demontrer l etendue de leur talent sur la piste, elle est egalement parfaite pour s initier aux joies du motocross quand on vient d une categorie inferieure. La GASGAS MC 85 est particulierement facile a prendre en main. Elle presente toutes les caracteristiques d une mini-motocross de course - moteur puissant, suspensions WP et habillage adapte specialement aux jeunes pilotes.<table style=""width:100%;border-collapse:collapse;margin-top:16px;border:1px solid #ffe0cc;border-radius:6px;overflow:hidden;"">
$M-MC502025;2025;F0001Y4;Active;pho_bike_90_re_gasgas_2025_mc_50_90_right__sall__acmsg__v1.png; > Motorcycle > MC 50 2025 > MC 50 2025;MC 50 2025;MC 50 2025;Die von kleinen Dirt-Shreddern in aller Welt geliebte coole MC 50 hat es in sich Optisch steht sie den gro eren Bikes unserer Motocross-Palette in nichts nach. Als unser kleinster 2-Takter ist sie ergonomisch verstellbar und lasst sich leicht an das Wachstum der Kinder anpassen. Die MC 50 macht den Kids auf jeder Runde so viel Spa und garantiert ein breites Grinsen nach dem Fahren. Mit ihrer erstklassigen Verarbeitungsqualitat und Leistung ist die MC 50 ein Mini-Motocross-Bike fur die nachste Generation von Kurvenraubern, die sich auf die gro en Rennstrecken vorbereiten.; > Motorcycle > MC 50 2025 > MC 50 2025;MC 50 2025;MC 50 2025;Loved by little dirt shredders the world over, our awesome MC 50 certainly packs a punch Looking just like the bigger bikes in our motocross line-up, the smallest 2-stroke we make features adjustable ergonomics that can easily be altered as children grow. Guaranteeing post-ride ear-to-ear grins, the MC 50 makes laps at the track so much fun for kids who just love to ride. Boasting best-in-class build quality with performance to match, the MC 50 is a mini motocrosser designed for the next generation of berm bashers to take on full-size circuits in style; > Motorcycle > MC 50 2025 > MC 50 2025;MC 50 2025;MC 50 2025;Loved by little dirt shredders the world over, our awesome MC 50 certainly packs a punch Looking just like the bigger bikes in our motocross line-up, the smallest 2-stroke we make features adjustable ergonomics that can easily be altered as children grow. Guaranteeing post-ride ear-to-ear grins, the MC 50 makes laps at the track so much fun for kids who just love to ride. Boasting best-in-class build quality with performance to match, the MC 50 is a mini motocrosser designed for the next generation of berm bashers to take on full-size circuits in style; > Motorcycle > MC 50 2025 > MC 50 2025;MC 50 2025;MC 50 2025;Adorada por los pequenos offroaders de todo el mundo, nuestra impresionante MC 50 tiene toda la fuerza imaginable Con el mismo aspecto que las motos mas grandes de nuestra gama de motocross, la 2 tiempos mas pequena que fabricamos cuenta con una ergonomia ajustable facilmente modificable a medida que los ninos crecen. La MC 50, que garantiza sonrisas de oreja a oreja despues de conducir, hace que dar vueltas al circuito sea algo muy divertido para los ninos a los que les encanta pilotar. Con la mejor calidad de fabricacion de su clase y un rendimiento a la altura, la MC 50 es una mini moto de cross disenada para que la proxima generacion de amantes de los circuitos se enfrente a ellos con estilo.; > Motorcycle > MC 50 2025 > MC 50 2025;MC 50 2025;MC 50 2025;"Adulee par les jeunes pilotes du monde entier, notre MC 50 a du punch Portrait crache de ses grandes s urs de la gamme motocross, notre plus petit modele 2 temps est dote d une ergonomie reglable qui peut facilement etre ajustee au fur et a mesure que l enfant grandit. Sourires jusqu aux oreilles garantis apres les tours de piste - la MC 50 fera le bonheur des jeunes pilotes passionnes. Alliant qualite de fabrication et performances exceptionnelles, la MC 50 est une mini-motocross concue pour encourager la prochaine generation de graines de champion a affronter avec style des circuits de taille normale<table style=""width:100%;border-collapse:collapse;margin-top:16px;border:1px solid #ffe0cc;border-radius:6px;overflow:hidden;"">
$M-MC652025;2025;F0001Y6;Active;pho_bike_90_re_gasgas_2025_mc_65_90_right__sall__acmsg__v1.png; > Motorcycle > MC 65 2025 > MC 65 2025;MC 65 2025;MC 65 2025;Mit unserer fantastischen MC 65 beginnt die Liebe fur das wahre Motocross-Fahren. Dank ihrem leichtgangigen Schaltgetriebe konnte sie das erste Dirtbike sein, auf dem die Kleinsten lernen, in jeder Situation in den richtigen Gang zu schalten - damit sie auf allen Rennstrecken immer die Schnellsten sind Au erdem ist die MC 65 mit einer Reihe von Bauteilen bestuckt, die sich auch in unseren gro en Motocross-Bikes wiederfinden, naturlich kleiner dimensioniert, damit sie passen. Das beweist, wie wichtig es uns ist, ein wettbewerbsfahiges 65-cm -Motorrad zu schaffen. Wir reden hier von der Hydraulikkupplung, dem roten Bodywork, den MAXXIS-Reifen, dem TWIN AIR-Luftfilter und der WP-Federung. Yeah, wir sind vollkommen begeistert von unserer MC 65 und wissen, dass auch du es sein wirst; > Motorcycle > MC 65 2025 > MC 65 2025;MC 65 2025;MC 65 2025;Our awesome little MC 65 is where riding pure motocross really begins. With its smooth-shifting manual transmission, this might be the first dirt bike on which kids learn how to change gears and, most importantly, when to do so to find the fast way around any circuit. Beyond this, the MC 65 is assembled with plenty of parts that you ll find on our bigger motocross bikes, but obviously scaled down to fit, underlining just how serious we are about making a competitive 65cc machine. We re talking the hydraulic clutch, all-red bodywork, MAXXIS tires, TWIN AIR air filter, and WP suspension. Yeah, we re stoked on our MC 65 and we know you will be too.; > Motorcycle > MC 65 2025 > MC 65 2025;MC 65 2025;MC 65 2025;Our awesome little MC 65 is where riding pure motocross really begins. With its smooth-shifting manual transmission, this might be the first dirt bike on which kids learn how to change gears and, most importantly, when to do so to find the fast way around any circuit. Beyond this, the MC 65 is assembled with plenty of parts that you ll find on our bigger motocross bikes, but obviously scaled down to fit, underlining just how serious we are about making a competitive 65cc machine. We re talking the hydraulic clutch, all-red bodywork, MAXXIS tires, TWIN AIR air filter, and WP suspension. Yeah, we re stoked on our MC 65 and we know you will be too.; > Motorcycle > MC 65 2025 > MC 65 2025;MC 65 2025;MC 65 2025;Nuestra pequena e impresionante MC 65 marca donde realmente empieza el motocross puro. Con su suave cambio de marchas manual, esta puede ser la primera moto offroad con la que los ninos aprendan a cambiar de marcha y, lo que es mas importante, cuando hacerlo para encontrar a trazada mas rapida en cualquier circuito. Mas alla de esto, la MC 65 esta fabricada con un monton de piezas que encontraras en nuestras motos de motocross mas grandes, pero obviamente reducidas para que quepan, lo que subraya lo serios que somos a la hora de fabricar una moto de 65 cc competitiva. Hablamos del embrague hidraulico, la carroceria totalmente roja, los neumaticos MAXXIS, el filtro de aire TWIN AIR y las suspensiones WP. Si, estamos entusiasmados con nuestra MC 65 y sabemos que tu tambien lo estaras.; > Motorcycle > MC 65 2025 > MC 65 2025;MC 65 2025;MC 65 2025;"C est avec notre incroyable petite MC 65 que commence reellement la pratique du motocross pur. Avec sa boite de vitesses manuelle flexible, elle est tout indiquee comme premiere dirt bike sur laquelle les enfants pourront apprendre a changer de vitesse et, plus important encore, a savoir quand changer de vitesse pour filer sur tous les circuits. Au-dela de ca, la MC 65 est dotee de nombreux elements identiques a ceux de nos motocross de taille standard, adaptes bien sur a un gabarit plus petit, soulignant notre volonte de fabriquer une machine de 65 cm competitive. Il s agit de l embrayage hydraulique, de l habillage tout rouge, des pneumatiques MAXXIS, du filtre a air TWIN AIR et des suspensions WP. Eh oui, nous sommes totalement fans de notre MC 65, et il y a fort a parier que tu le deviendras aussi.<table style=""width:100%;border-collapse:collapse;margin-top:16px;border:1px solid #ffe0cc;border-radius:6px;overflow:hidden;"">
$M-MC8517142025;2025;F0001Y8;Active;pho_bike_90_re_gasgas_mc85_my25_90_right__sall__acmsg__v1.png; > Motorcycle > MC 85 17/14 2025 > MC 85 17/14 2025;MC 85 17/14 2025;MC 85 17/14 2025;Zusammen mit unserem globalen Team von talentierten, jungen Testfahrern haben wir etwas entwickelt, das man nur als ein unglaubliches 2-Takt-Motocross-Bike bezeichnen kann Vom neuen Rahmen und WP-Federbein bis hin zum verbesserten Motor und der uberarbeiteten Karosserie ist so ziemlich alles neu, was die MC 85 im Jahr 2025 ausmacht. Neben der gesteigerten Leistung wird auch das Fahrgefuhl erheblich verbessert. Die schlankere Ergonomie und die speziell fur jungere Rennfahrer entwickelte Lenkerkrummung schaffen Vertrauen und machen Runden auf der Rennstrecke viel angenehmer. Das Endergebnis all dieser Anderungen ist ein Motorrad, das fur ein so kleines Motorrad unglaubliche Leistung und Fahrbarkeit bietet. Und wenn wir eines garantieren konnen, dann ist es, dass die Kinder es absolut lieben werden; > Motorcycle > MC 85 17/14 2025 > MC 85 17/14 2025;MC 85 17/14 2025;MC 85 17/14 2025;Together with our global team of talented, young test riders, we ve developed what can only be described as an incredible 2-stroke motocross bike From the new frame and WP shock to the improved motor and redesigned bodywork, just about everything is new, making for a seriously fresh MC 85 in 2025. As well as the increased performance, the riding experience is considerably improved too. Slimmer ergonomics and a handlebar bend created specifically for younger racers inspires confidence and makes laps at the track so much more enjoyable. The end result of all the changes is a bike that delivers incredible performance and rideability for such a small motorcycle. And if there s one thing that we can guarantee, it s that kids will absolutely love it; > Motorcycle > MC 85 17/14 2025 > MC 85 17/14 2025;MC 85 17/14 2025;MC 85 17/14 2025;Together with our global team of talented, young test riders, we ve developed what can only be described as an incredible 2-stroke motocross bike From the new frame and WP shock to the improved motor and redesigned bodywork, just about everything is new, making for a seriously fresh MC 85 in 2025. As well as the increased performance, the riding experience is considerably improved too. Slimmer ergonomics and a handlebar bend created specifically for younger racers inspires confidence and makes laps at the track so much more enjoyable. The end result of all the changes is a bike that delivers incredible performance and rideability for such a small motorcycle. And if there s one thing that we can guarantee, it s that kids will absolutely love it; > Motorcycle > MC 85 17/14 2025 > MC 85 17/14 2025;MC 85 17/14 2025;MC 85 17/14 2025;Junto con nuestro equipo mundial de jovenes y talentosos pilotos de pruebas, hemos desarrollado lo que solo puede describirse como una increible moto de motocross de 2 tiempos Desde el nuevo bastidor y el amortiguador WP hasta el motor mejorado y la carroceria redisenada, casi todo es nuevo, lo que la convierte en una MC 85 muy fresca en 2025. Ademas del aumento de las prestaciones, la experiencia de conduccion tambien ha mejorado considerablemente. Una ergonomia mas estilizada y una curvatura del manillar creada especificamente para los corredores mas jovenes inspiran confianza y hacen que las vueltas en la pista sean mucho mas agradables. El resultado final de todos los cambios es una moto que ofrece unas prestaciones y una manejabilidad increibles para una motocicleta tan pequena. Y si hay algo que podemos garantizar es que a los ninos les encantara; > Motorcycle > MC 85 17/14 2025 > MC 85 17/14 2025;MC 85 17/14 2025;MC 85 17/14 2025;"En collaboration avec notre equipe internationale de jeunes pilotes d essai talentueux, nous avons mis au point ce qui ne peut etre decrit que comme une incroyable moto de motocross deux temps Du nouveau cadre et de l amortisseur WP au moteur ameliore et au carenage redessine, presque tout est nouveau, ce qui donne une MC 85 tres fraiche en 2025. Outre les performances accrues, l experience de conduite est egalement considerablement amelioree. L ergonomie plus fine et la courbure du guidon specialement concue pour les jeunes coureurs inspirent confiance et rendent les tours de piste beaucoup plus agreables. Le resultat final de tous ces changements est une moto qui offre des performances et une maniabilite incroyables pour une si petite moto. Et s il y a une chose que nous pouvons garantir, c est que les enfants vont absolument l adorer<table style=""width:100%;border-collapse:collapse;margin-top:16px;border:1px solid #ffe0cc;border-radius:6px;overflow:hidden;"">
$M-MC8519162025;2025;F0001Y9;Active;pho_bike_90_re_gasgas_mc85_my25_90_right__sall__acmsg__v1.png; > Motorcycle > MC 85 19/16 2025 > MC 85 19/16 2025;MC 85 19/16 2025;MC 85 19/16 2025;Zusammen mit unserem globalen Team von talentierten, jungen Testfahrern haben wir etwas entwickelt, das man nur als ein unglaubliches 2-Takt-Motocross-Bike bezeichnen kann Vom neuen Rahmen und WP-Federbein bis hin zum verbesserten Motor und der uberarbeiteten Karosserie ist so ziemlich alles neu, was die MC 85 im Jahr 2025 ausmacht. Neben der gesteigerten Leistung wird auch das Fahrgefuhl erheblich verbessert. Die schlankere Ergonomie und die speziell fur jungere Rennfahrer entwickelte Lenkerkrummung schaffen Vertrauen und machen Runden auf der Rennstrecke viel angenehmer. Das Endergebnis all dieser Anderungen ist ein Motorrad, das fur ein so kleines Motorrad unglaubliche Leistung und Fahrbarkeit bietet. Und wenn wir eines garantieren konnen, dann ist es, dass die Kinder es absolut lieben werden; > Motorcycle > MC 85 19/16 2025 > MC 85 19/16 2025;MC 85 19/16 2025;MC 85 19/16 2025;Together with our global team of talented, young test riders, we ve developed what can only be described as an incredible 2-stroke motocross bike From the new frame and WP shock to the improved motor and redesigned bodywork, just about everything is new, making for a seriously fresh MC 85 in 2025. As well as the increased performance, the riding experience is considerably improved too. Slimmer ergonomics and a handlebar bend created specifically for younger racers inspires confidence and makes laps at the track so much more enjoyable. The end result of all the changes is a bike that delivers incredible performance and rideability for such a small motorcycle. And if there s one thing that we can guarantee, it s that kids will absolutely love it; > Motorcycle > MC 85 19/16 2025 > MC 85 19/16 2025;MC 85 19/16 2025;MC 85 19/16 2025;Together with our global team of talented, young test riders, we ve developed what can only be described as an incredible 2-stroke motocross bike From the new frame and WP shock to the improved motor and redesigned bodywork, just about everything is new, making for a seriously fresh MC 85 in 2025. As well as the increased performance, the riding experience is considerably improved too. Slimmer ergonomics and a handlebar bend created specifically for younger racers inspires confidence and makes laps at the track so much more enjoyable. The end result of all the changes is a bike that delivers incredible performance and rideability for such a small motorcycle. And if there s one thing that we can guarantee, it s that kids will absolutely love it; > Motorcycle > MC 85 19/16 2025 > MC 85 19/16 2025;MC 85 19/16 2025;MC 85 19/16 2025;Junto con nuestro equipo mundial de jovenes y talentosos pilotos de pruebas, hemos desarrollado lo que solo puede describirse como una increible moto de motocross de 2 tiempos Desde el nuevo bastidor y el amortiguador WP hasta el motor mejorado y la carroceria redisenada, casi todo es nuevo, lo que la convierte en una MC 85 muy fresca en 2025. Ademas del aumento de las prestaciones, la experiencia de conduccion tambien ha mejorado considerablemente. Una ergonomia mas estilizada y una curvatura del manillar creada especificamente para los corredores mas jovenes inspiran confianza y hacen que las vueltas en la pista sean mucho mas agradables. El resultado final de todos los cambios es una moto que ofrece unas prestaciones y una manejabilidad increibles para una motocicleta tan pequena. Y si hay algo que podemos garantizar es que a los ninos les encantara.; > Motorcycle > MC 85 19/16 2025 > MC 85 19/16 2025;MC 85 19/16 2025;MC 85 19/16 2025;"En collaboration avec notre equipe internationale de jeunes pilotes d essai talentueux, nous avons mis au point ce qui ne peut etre decrit que comme une incroyable moto de motocross deux temps Du nouveau cadre et de l amortisseur WP au moteur ameliore et au carenage redessine, presque tout est nouveau, ce qui donne une MC 85 tres fraiche en 2025. Outre les performances accrues, l experience de conduite est egalement considerablement amelioree. L ergonomie plus fine et la courbure du guidon specialement concue pour les jeunes coureurs inspirent confiance et rendent les tours de piste beaucoup plus agreables. Le resultat final de tous ces changements est une moto qui offre des performances et une maniabilite incroyables pour une si petite moto. Et s il y a une chose que nous pouvons garantir, c est que les enfants vont absolument l adorer<table style=""width:100%;border-collapse:collapse;margin-top:16px;border:1px solid #ffe0cc;border-radius:6px;overflow:hidden;"">
$M-MC502026;2026;F0001Z4;Active;pho_bike_90_re_gasgas_2025_mc_50_90_right__sall__acmsg__v1.png; > Motorcycle > MC 50 2026 > MC 50 2026;MC 50 2026;MC 50 2026;Die von kleinen Dirt-Shreddern in aller Welt geliebte coole MC 50 hat es in sich Optisch steht sie den gro eren Bikes unserer Motocross-Palette in nichts nach. Als unser kleinster 2-Takter ist sie ergonomisch verstellbar und lasst sich leicht an das Wachstum der Kinder anpassen. Die MC 50 macht den Kids auf jeder Runde so viel Spa und garantiert ein breites Grinsen nach dem Fahren. Mit ihrer erstklassigen Verarbeitungsqualitat und Leistung ist die MC 50 ein Mini-Motocross-Bike fur die nachste Generation von Kurvenraubern, die sich auf die gro en Rennstrecken vorbereiten.; > Motorcycle > MC 50 2026 > MC 50 2026;MC 50 2026;MC 50 2026;Loved by little dirt shredders the world over, our awesome MC 50 certainly packs a punch Looking just like the bigger bikes in our motocross line-up, the smallest 2-stroke we make features adjustable ergonomics that can easily be altered as children grow. Guaranteeing post-ride ear-to-ear grins, the MC 50 makes laps at the track so much fun for kids who just love to ride. Boasting best-in-class build quality with performance to match, the MC 50 is a mini motocrosser designed for the next generation of berm bashers to take on full-size circuits in style; > Motorcycle > MC 50 2026 > MC 50 2026;MC 50 2026;MC 50 2026;Loved by little dirt shredders the world over, our awesome MC 50 certainly packs a punch Looking just like the bigger bikes in our motocross line-up, the smallest 2-stroke we make features adjustable ergonomics that can easily be altered as children grow. Guaranteeing post-ride ear-to-ear grins, the MC 50 makes laps at the track so much fun for kids who just love to ride. Boasting best-in-class build quality with performance to match, the MC 50 is a mini motocrosser designed for the next generation of berm bashers to take on full-size circuits in style; > Motorcycle > MC 50 2026 > MC 50 2026;MC 50 2026;MC 50 2026;Adorada por los pequenos offroaders de todo el mundo, nuestra impresionante MC 50 tiene toda la fuerza imaginable Con el mismo aspecto que las motos mas grandes de nuestra gama de motocross, la 2 tiempos mas pequena que fabricamos cuenta con una ergonomia ajustable facilmente modificable a medida que los ninos crecen. La MC 50, que garantiza sonrisas de oreja a oreja despues de conducir, hace que dar vueltas al circuito sea algo muy divertido para los ninos a los que les encanta pilotar. Con la mejor calidad de fabricacion de su clase y un rendimiento a la altura, la MC 50 es una mini moto de cross disenada para que la proxima generacion de amantes de los circuitos se enfrente a ellos con estilo.; > Motorcycle > MC 50 2026 > MC 50 2026;MC 50 2026;MC 50 2026;"Adulee par les jeunes pilotes du monde entier, notre MC 50 a du punch Portrait crache de ses grandes s urs de la gamme motocross, notre plus petit modele 2 temps est dote d une ergonomie reglable qui peut facilement etre ajustee au fur et a mesure que l enfant grandit. Sourires jusqu aux oreilles garantis apres les tours de piste - la MC 50 fera le bonheur des jeunes pilotes passionnes. Alliant qualite de fabrication et performances exceptionnelles, la MC 50 est une mini-motocross concue pour encourager la prochaine generation de graines de champion a affronter avec style des circuits de taille normale<table style=""width:100%;border-collapse:collapse;margin-top:16px;border:1px solid #ffe0cc;border-radius:6px;overflow:hidden;"">
$M-MC652026;2026;F0001Z6;Active;pho_bike_90_re_gasgas_2025_mc_65_90_right__sall__acmsg__v1.png; > Motorcycle > MC 65 2026 > MC 65 2026;MC 65 2026;MC 65 2026;Mit unserer fantastischen MC 65 beginnt die Liebe fur das wahre Motocross-Fahren. Dank ihrem leichtgangigen Schaltgetriebe konnte sie das erste Dirtbike sein, auf dem die Kleinsten lernen, in jeder Situation in den richtigen Gang zu schalten - damit sie auf allen Rennstrecken immer die Schnellsten sind Au erdem ist die MC 65 mit einer Reihe von Bauteilen bestuckt, die sich auch in unseren gro en Motocross-Bikes wiederfinden, naturlich kleiner dimensioniert, damit sie passen. Das beweist, wie wichtig es uns ist, ein wettbewerbsfahiges 65-cm -Motorrad zu schaffen. Wir reden hier von der Hydraulikkupplung, dem roten Bodywork, den MAXXIS-Reifen, dem TWIN AIR-Luftfilter und der WP-Federung. Yeah, wir sind vollkommen begeistert von unserer MC 65 und wissen, dass auch du es sein wirst; > Motorcycle > MC 65 2026 > MC 65 2026;MC 65 2026;MC 65 2026;Our awesome little MC 65 is where riding pure motocross really begins. With its smooth-shifting manual transmission, this might be the first dirt bike on which kids learn how to change gears and, most importantly, when to do so to find the fast way around any circuit. Beyond this, the MC 65 is assembled with plenty of parts that you ll find on our bigger motocross bikes, but obviously scaled down to fit, underlining just how serious we are about making a competitive 65cc machine. We re talking the hydraulic clutch, all-red bodywork, MAXXIS tires, TWIN AIR air filter, and WP suspension. Yeah, we re stoked on our MC 65 and we know you will be too.; > Motorcycle > MC 65 2026 > MC 65 2026;MC 65 2026;MC 65 2026;Our awesome little MC 65 is where riding pure motocross really begins. With its smooth-shifting manual transmission, this might be the first dirt bike on which kids learn how to change gears and, most importantly, when to do so to find the fast way around any circuit. Beyond this, the MC 65 is assembled with plenty of parts that you ll find on our bigger motocross bikes, but obviously scaled down to fit, underlining just how serious we are about making a competitive 65cc machine. We re talking the hydraulic clutch, all-red bodywork, MAXXIS tires, TWIN AIR air filter, and WP suspension. Yeah, we re stoked on our MC 65 and we know you will be too.; > Motorcycle > MC 65 2026 > MC 65 2026;MC 65 2026;MC 65 2026;Nuestra pequena e impresionante MC 65 marca donde realmente empieza el motocross puro. Con su suave cambio de marchas manual, esta puede ser la primera moto offroad con la que los ninos aprendan a cambiar de marcha y, lo que es mas importante, cuando hacerlo para encontrar a trazada mas rapida en cualquier circuito. Mas alla de esto, la MC 65 esta fabricada con un monton de piezas que encontraras en nuestras motos de motocross mas grandes, pero obviamente reducidas para que quepan, lo que subraya lo serios que somos a la hora de fabricar una moto de 65 cc competitiva. Hablamos del embrague hidraulico, la carroceria totalmente roja, los neumaticos MAXXIS, el filtro de aire TWIN AIR y las suspensiones WP. Si, estamos entusiasmados con nuestra MC 65 y sabemos que tu tambien lo estaras.; > Motorcycle > MC 65 2026 > MC 65 2026;MC 65 2026;MC 65 2026;"C est avec notre incroyable petite MC 65 que commence reellement la pratique du motocross pur. Avec sa boite de vitesses manuelle flexible, elle est tout indiquee comme premiere dirt bike sur laquelle les enfants pourront apprendre a changer de vitesse et, plus important encore, a savoir quand changer de vitesse pour filer sur tous les circuits. Au-dela de ca, la MC 65 est dotee de nombreux elements identiques a ceux de nos motocross de taille standard, adaptes bien sur a un gabarit plus petit, soulignant notre volonte de fabriquer une machine de 65 cm competitive. Il s agit de l embrayage hydraulique, de l habillage tout rouge, des pneumatiques MAXXIS, du filtre a air TWIN AIR et des suspensions WP. Eh oui, nous sommes totalement fans de notre MC 65, et il y a fort a parier que tu le deviendras aussi.<table style=""width:100%;border-collapse:collapse;margin-top:16px;border:1px solid #ffe0cc;border-radius:6px;overflow:hidden;"">
